time,open,high,low,close,volume
2020-08-10T01:00:00+01:00,5010.59,7199,5010.59,6229.19,1559.610221
2020-08-11T01:00:00+01:00,6229.16,6783.43,5680,6040.2,848.979507
2020-08-12T01:00:00+01:00,6041,6117.51,5250,5749.62,793.307732
2020-08-13T01:00:00+01:00,5749.62,5814.34,3000,5346.99,1155.421556
2020-08-14T01:00:00+01:00,5346.92,5346.92,4684.11,5016.14,377.720662
2020-08-15T01:00:00+01:00,5016.26,5450,4158.57,5414.22,870.692745
2020-08-16T01:00:00+01:00,5416.21,6750,5171.75,6660,1125.180336
2020-08-17T01:00:00+01:00,6676.25,9103.93,6340.28,8900,1704.881736
2020-08-18T01:00:00+01:00,8900.1,12821,8693,9655,3150.948846
2020-08-19T01:00:00+01:00,9655,12777,9600,12599.72,2214.156099
2020-08-20T01:00:00+01:00,12576.36,16668.99,11418.36,15275,4174.078908
2020-08-21T01:00:00+01:00,15321.68,15600,11777,12296.34,2424.862307
2020-08-22T01:00:00+01:00,12296.33,14426.46,11113.97,14034.28,1301.303626
2020-08-23T01:00:00+01:00,14024.29,14100,12000,12571.37,754.849192
2020-08-24T01:00:00+01:00,12571.36,14500,12157.16,14466.02,767.728062
2020-08-25T01:00:00+01:00,14490,14773.72,12729.16,13510.2,770.203495
2020-08-26T01:00:00+01:00,13489.79,16364.43,13201,15677.91,920.170735
2020-08-27T01:00:00+01:00,15677.91,15899.99,13960.43,14183.1,688.002112
2020-08-28T01:00:00+01:00,14119.63,19500,14017.07,18848.99,2354.10085
2020-08-29T01:00:00+01:00,18781.52,27547.33,17829.53,27400,4896.605905
2020-08-30T01:00:00+01:00,27407.7,38855.31,26900,31677.95,8439.521373
2020-08-31T01:00:00+01:00,31667.25,39690,29689.41,34835.3,5790.741901
2020-09-01T01:00:00+01:00,34901.94,36922.53,31000,31951.5,3815.862667
2020-09-02T01:00:00+01:00,31950.9,32856.4,25530,32000,3453.025218
2020-09-03T01:00:00+01:00,31840.07,33359.99,27380.31,29400.07,2613.293491
2020-09-04T01:00:00+01:00,29400,31600,22811.63,27311.92,1889.399803
2020-09-05T01:00:00+01:00,27306.36,28749.99,18056.43,22193.5,3541.94797
2020-09-06T01:00:00+01:00,22100.19,25399.33,19400,23797.1,2211.468384
2020-09-07T01:00:00+01:00,23806.26,24650,20500,22985.3,1148.401352
2020-09-08T01:00:00+01:00,22959.99,23499.97,21054.07,22518.41,858.938668
2020-09-09T01:00:00+01:00,22572.47,29363.97,21500,27500.03,2489.348894
2020-09-10T01:00:00+01:00,27551.46,34900,27455.81,34045.73,3215.202581
2020-09-11T01:00:00+01:00,34049.46,38333,31250,38146.99,2112.150071
2020-09-12T01:00:00+01:00,38093.39,43966.31,36205.94,43194.45,3002.971639
2020-09-13T01:00:00+01:00,43257.62,43317.18,32500,36893.01,2757.646627
2020-09-14T01:00:00+01:00,36850.05,42250.05,34765.31,39868.08,2436.060473
2020-09-15T01:00:00+01:00,39868.05,41537.28,35150,35380,2161.430316
2020-09-16T01:00:00+01:00,35334.16,37181.07,30571.07,34885.58,2653.140653
2020-09-17T01:00:00+01:00,34888.84,36709.99,29590.23,33258.34,2160.239852
2020-09-18T01:00:00+01:00,33231.76,34716.36,31250.14,33065.96,1548.206031
2020-09-19T01:00:00+01:00,33038.86,33168.31,27851,30932.7,1714.68416
2020-09-20T01:00:00+01:00,30919.05,30973,26200,28071.33,1684.067624
2020-09-21T01:00:00+01:00,28071.33,28500,21722.59,24045.53,3181.510133
2020-09-22T01:00:00+01:00,24045.53,26967.44,22727.38,25017.3,2293.62026
2020-09-23T01:00:00+01:00,25042.9,26300,21014.57,21191.4,2196.871823
2020-09-24T01:00:00+01:00,21203.18,25317.82,20275.1,25258.49,2191.787375
2020-09-25T01:00:00+01:00,25258.49,27549.38,23200,26807.53,1687.171345
2020-09-26T01:00:00+01:00,26807.31,31890,25963.43,31645.39,2543.542627
2020-09-27T01:00:00+01:00,31631.62,34204.24,28202,30621.02,3116.939096
2020-09-28T01:00:00+01:00,30631.08,31450,27549.12,28460.24,1834.975322
2020-09-29T01:00:00+01:00,28436.57,28896.52,23500,25039.35,3732.158489
2020-09-30T01:00:00+01:00,25040.41,25092.57,21800,23822.04,2759.39621
2020-10-01T01:00:00+01:00,23858.17,26256.62,21388.17,22790.75,3000.644333
2020-10-02T01:00:00+01:00,22784.83,23278.61,18905.01,21047.03,3045.784962
2020-10-03T01:00:00+01:00,21059.38,21706.17,18500,18850,2141.871278
2020-10-04T01:00:00+01:00,18850,20249,15993.82,19149.94,4707.292378
2020-10-05T01:00:00+01:00,19149.89,20500,17500,19176.46,3051.337659
2020-10-06T01:00:00+01:00,19176.19,19399.99,16040.16,16601.44,3129.260385
2020-10-07T01:00:00+01:00,16586.33,16681.13,13715.47,14853.84,5017.701124
2020-10-08T01:00:00+01:00,14853.88,17338.69,12260,16732.58,9625.785094
2020-10-09T01:00:00+01:00,16728.5,19469.28,15789.59,18040.96,5607.476619
2020-10-10T01:00:00+01:00,18042.64,19400,15835,15995.01,3538.996837
2020-10-11T01:00:00+01:00,15986.1,17700,15032.38,16900,4051.864315
2020-10-12T01:00:00+01:00,16900,17530,15640.16,16521.11,3092.932273
2020-10-13T01:00:00+01:00,16503.32,16690.93,15283.56,15634.07,2142.199809
2020-10-14T01:00:00+01:00,15652.86,16100,13729.48,14578.98,3006.722256
2020-10-15T01:00:00+01:00,14573.7,15800,13933.27,14614.29,2708.844495
2020-10-16T01:00:00+01:00,14607.68,14620.81,13372.36,13403.4,1957.583511
2020-10-17T01:00:00+01:00,13405,14152.54,13120,14039.17,1403.676111
2020-10-18T01:00:00+01:00,14053.07,15782,13931.7,15427.68,2797.984447
2020-10-19T01:00:00+01:00,15429.8,15645,13709.88,13709.88,2313.854188
2020-10-20T01:00:00+01:00,13721.36,14119.99,12720.07,13053.33,2728.48334
2020-10-21T01:00:00+01:00,13053.33,14667,12905.94,13293.14,3561.996755
2020-10-22T01:00:00+01:00,13283.21,14389.47,13132.54,13724.82,2015.691656
2020-10-23T01:00:00+01:00,13722.33,14940.31,13600,14903.15,2773.621762
2020-10-24T01:00:00+01:00,14892.61,15481.15,14535,14872.72,1809.589321
2020-10-25T01:00:00+01:00,14864.85,14900,14150,14297,1239.062573
2020-10-26T00:00:00Z,14289.81,14573.88,13176.7,13589.52,2034.404345
2020-10-27T00:00:00Z,13593.11,14200,13320.21,13372.88,1443.568482
2020-10-28T00:00:00Z,13370.45,13611.29,12000,12556.47,2192.755982
2020-10-29T00:00:00Z,12553.98,12944.98,10511.01,10781.1,3722.355507
2020-10-30T00:00:00Z,10780.08,11971.68,9635.55,11014.56,6548.752791
2020-10-31T00:00:00Z,11011.03,11430.16,10255.7,10492.89,2308.023455
2020-11-01T00:00:00Z,10474.7,11039.14,9978.06,10689.46,1992.14649
2020-11-02T00:00:00Z,10689.31,11221.02,10016.64,10092.3,2451.959967
2020-11-03T00:00:00Z,10092.84,10247.09,9302.65,9351.52,2935.388884
2020-11-04T00:00:00Z,9359.92,9692.87,8231.07,8484.18,5130.784056
2020-11-05T00:00:00Z,8493.32,9908.72,7451.36,8488.35,10304.51601
2020-11-06T00:00:00Z,8478.02,11943,8392.5,11821.27,9192.507363
2020-11-07T00:00:00Z,11821.26,17500,11810.57,14281.47,21852.15317
2020-11-08T00:00:00Z,14297.17,15999,13373.41,15108.29,8543.699369
2020-11-09T00:00:00Z,15102.44,15682,13883.34,15010.12,6658.031208
2020-11-10T00:00:00Z,15029.21,18900,14500.75,18274.93,10460.75466
2020-11-11T00:00:00Z,18266.12,19350,15711.08,16679.56,7535.779802
2020-11-12T00:00:00Z,16674.79,17220,14929.39,15462.62,6225.384924
2020-11-13T00:00:00Z,15448.87,18460,15150,17881.06,6923.569013
2020-11-14T00:00:00Z,17884.84,17922.63,16084.21,17217.05,4888.57699
2020-11-15T00:00:00Z,17238,18436.25,16561,17606.9,5651.561751
2020-11-16T00:00:00Z,17606.68,19149.9,16971.42,18565.47,5966.97819
2020-11-17T00:00:00Z,18554.8,24880,18452,23944.68,7902.579889
2020-11-18T00:00:00Z,23933.16,26190,20511,25444.39,11223.57563
2020-11-19T00:00:00Z,25479.31,29686,24229.65,27800,10451.90832
2020-11-20T00:00:00Z,27803.14,29890,25666,26515.16,7262.285322
2020-11-21T00:00:00Z,26533,27801.55,23425,24479.24,5932.688247
2020-11-22T00:00:00Z,24479.24,27178.24,21442,24419.04,10500.25906
2020-11-23T00:00:00Z,24454.35,26328.28,23200,25216.48,6116.970657
2020-11-24T00:00:00Z,25245.93,26339.37,23294,24749.99,4470.136582
2020-11-25T00:00:00Z,24736.38,24826.45,21500,22324.66,3378.278768
2020-11-26T00:00:00Z,22319.05,23362.68,18228.6,23345.46,7752.08083
2020-11-27T00:00:00Z,23345.46,25581,22222.22,23452.98,5483.386501
2020-11-28T00:00:00Z,23455.14,24444,22546.03,23353.75,2239.891894
2020-11-29T00:00:00Z,23343.82,24963.29,22846.15,24600.71,2183.455275
2020-11-30T00:00:00Z,24624.95,26901.05,24619.35,26470.4,3416.712073
2020-12-01T00:00:00Z,26470.61,28299.92,24166,25684.04,3901.106625
2020-12-02T00:00:00Z,25678.56,31780.41,25335.24,30306.15,5926.345168
2020-12-03T00:00:00Z,30303.17,31306.06,28401,29649.42,3483.841711
2020-12-04T00:00:00Z,29634.9,30576.44,26100,26452.77,2912.803666
2020-12-05T00:00:00Z,26444.55,29549.99,26201,29352.73,2077.079217
2020-12-06T00:00:00Z,29329.99,29520,27848.17,28794.24,1383.555407
2020-12-07T00:00:00Z,28797.57,29405.78,27894.98,28486.5,1535.59947
2020-12-08T00:00:00Z,28480.48,28567.4,24850,25448.82,2341.222591
2020-12-09T00:00:00Z,25468.79,26267.44,23505.97,25556.16,2509.270929
2020-12-10T00:00:00Z,25567.87,25860,23799.68,23974.15,1722.352521
2020-12-11T00:00:00Z,23979.42,24193.87,22051.01,23387.89,2248.634134
2020-12-12T00:00:00Z,23372.21,25820,23329.11,25347.85,1861.125306
2020-12-13T00:00:00Z,25352.72,27300,25352.72,26341.06,1600.383673
2020-12-14T00:00:00Z,26357.24,26358.21,24993.61,25819.99,1279.112156
2020-12-15T00:00:00Z,25820,26435.64,24553.87,24784.11,1058.851821
2020-12-16T00:00:00Z,24782.04,27740.15,24151.11,26965.41,2586.603845
2020-12-17T00:00:00Z,26947.36,28100,25788.02,26599.01,3043.91378
2020-12-18T00:00:00Z,26617.49,28650,25908.16,27869.03,2241.520616
2020-12-19T00:00:00Z,27885.45,28880,27239.47,27604.76,1462.882779
2020-12-20T00:00:00Z,27612.08,27612.08,25291.73,26114.07,1297.519006
2020-12-21T00:00:00Z,26089.18,27102.35,24062.71,24569.93,1418.41074
2020-12-22T00:00:00Z,24558.24,25260.99,22510,24850,1538.670467
2020-12-23T00:00:00Z,24859.76,25489.21,18360.97,20092.38,2584.006433
2020-12-24T00:00:00Z,20119.76,24069.03,19200,24024.95,3470.431705
2020-12-25T00:00:00Z,24038.75,25150,22600.97,23612.29,1907.948787
2020-12-26T00:00:00Z,23605.2,23884.73,21890.99,22588.76,1699.82278
2020-12-27T00:00:00Z,22589.25,25074.26,21611,22785.06,2302.448922
2020-12-28T00:00:00Z,22785.06,24469.99,22526.76,22796.58,1671.337362
2020-12-29T00:00:00Z,22820.47,23178.5,21001,22155.55,1374.887388
2020-12-30T00:00:00Z,22183.1,22750,21393.14,21765.85,1047.842995
2020-12-31T00:00:00Z,21786.5,23512.04,21110,22687.96,1497.778387
2021-01-01T00:00:00Z,22707.02,23450,21519.26,21845.15,1057.848292
2021-01-02T00:00:00Z,21870.7,22339,21261.77,21477.83,1340.294059
2021-01-03T00:00:00Z,21489.56,24989,20382.88,23879.16,3595.00237
2021-01-04T00:00:00Z,23883.05,26750,22000,23387.84,3555.013148
2021-01-05T00:00:00Z,23395.09,24956.4,22050,23731.87,2151.37634
2021-01-06T00:00:00Z,23725.97,25550,22565.97,24742.87,1951.422278
2021-01-07T00:00:00Z,24798.1,37185,24086.31,33057.95,8857.597641
2021-01-08T00:00:00Z,33077.5,38557.1,24513,34908.59,7858.953034
2021-01-09T00:00:00Z,34908.6,39939.23,33504.96,35735.6,4870.798473
2021-01-10T00:00:00Z,35735.61,38228.53,31053.06,33982.73,3454.999731
2021-01-11T00:00:00Z,33966.46,34050.86,25250,30102.88,5926.920667
2021-01-12T00:00:00Z,30102.89,32373,28108,29743.08,3419.764966
2021-01-13T00:00:00Z,29758.73,33887.59,28208.58,33599.65,3511.823681
2021-01-14T00:00:00Z,33576.09,34260,31180,32924.52,2436.453124
2021-01-15T00:00:00Z,32920.08,33668.36,28445.56,30205.26,2630.930187
2021-01-16T00:00:00Z,30189.87,35200,30188.23,33823.09,3518.237585
2021-01-17T00:00:00Z,33800.5,36863.97,32308.97,34544.73,3120.149287
2021-01-18T00:00:00Z,34537.91,40333.87,34524.92,37994.33,3854.513299
2021-01-19T00:00:00Z,37983.79,38532.08,33770.85,34365.15,2179.776477
2021-01-20T00:00:00Z,34375.11,35485.41,31211.6,34040.18,1918.9423
2021-01-21T00:00:00Z,34002.52,34239.75,26378.42,27938.25,2303.181873
2021-01-22T00:00:00Z,27902.25,32147.32,26013,30780,2032.042701
2021-01-23T00:00:00Z,30783.75,31619.21,29653,30560.03,1318.76667
2021-01-24T00:00:00Z,30575.83,33000,30233.13,32200.52,1308.849069
2021-01-25T00:00:00Z,32195.81,33308.37,29243.85,29311.96,1446.766201
2021-01-26T00:00:00Z,29325.31,30679.98,28426,30298.17,1455.322461
2021-01-27T00:00:00Z,30281.5,30346.32,26960.4,27617.41,1345.49237
2021-01-28T00:00:00Z,27633.83,30732.09,27300,29664.06,982.737421
2021-01-29T00:00:00Z,29662.56,31876.87,28496.37,29974.1,1490.686076
2021-01-30T00:00:00Z,29924.83,32342.77,28500,31150.11,1457.515292
2021-01-31T00:00:00Z,31200.38,33500,29500,30114.54,1460.799852
2021-02-01T00:00:00Z,30158.47,31167.16,29247.43,31166.45,850.121084
2021-02-02T00:00:00Z,31139.81,32700,30382.6,31690.62,1161.425269
2021-02-03T00:00:00Z,31697.58,34678.57,31697.52,34095.5,1740.397069
2021-02-04T00:00:00Z,34089.3,34985.72,29574.81,31098.22,2504.534058
2021-02-05T00:00:00Z,31053.87,34000,30400,32447.8,2249.505161
2021-02-06T00:00:00Z,32451.24,33259.27,30625.77,31542.61,1188.869071
2021-02-07T00:00:00Z,31561.22,31928.77,29151.03,30866.54,800.550079
2021-02-08T00:00:00Z,30866.61,33729.65,30243.85,32500,1400.104491
2021-02-09T00:00:00Z,32526.59,35706,31500.01,35214.33,2257.125042
2021-02-10T00:00:00Z,35216.34,39200,33000.33,36353.03,3838.10698
2021-02-11T00:00:00Z,36387.4,45900,34915,43831.19,4968.646563
2021-02-12T00:00:00Z,43833,52880,43630.75,47007.1,4047.634471
2021-02-13T00:00:00Z,47007.1,48800,43500,47157.24,2055.801394
2021-02-14T00:00:00Z,47140.22,47509.04,42850,43369.16,1406.536304
2021-02-15T00:00:00Z,43394.53,44211.14,38010,40273.62,1959.923566
2021-02-16T00:00:00Z,40273.62,45400,39038.33,42977.36,1932.876248
2021-02-17T00:00:00Z,42966.1,44422.54,40005.05,43781.87,1357.793892
2021-02-18T00:00:00Z,43781.87,46249.66,42682.77,44278.54,1118.025287
2021-02-19T00:00:00Z,44266.66,45650,41805.73,44711.81,1503.831991
2021-02-20T00:00:00Z,44711.81,48078.09,39100,42251.78,2251.662878
2021-02-21T00:00:00Z,42306.24,44845.62,41180,43097.2,1143.071709
2021-02-22T00:00:00Z,43097.2,43196.85,30546.04,39229.56,2597.621641
2021-02-23T00:00:00Z,39248.41,39361.59,28319.3,33410.7,3168.690783
2021-02-24T00:00:00Z,33441.55,37031.32,31774.11,33800.25,1597.845319
2021-02-25T00:00:00Z,33752.6,35577.6,31336.59,31600.98,907.311325
2021-02-26T00:00:00Z,31627.81,33254.79,29800,31141.43,983.955193
2021-02-27T00:00:00Z,31117.23,33433.82,30685.08,31442.6,680.812755
2021-02-28T00:00:00Z,31445.92,31588.25,27437.73,30722.16,865.456218
2021-03-01T00:00:00Z,30760.73,34855.88,30652.48,34782.12,842.746756
2021-03-02T00:00:00Z,34782.13,35440.27,32250.01,33220.24,665.243634
2021-03-03T00:00:00Z,33221.19,35800,32967.8,33750.68,717.58488
2021-03-04T00:00:00Z,33750.68,34540.81,31500.04,32392.48,671.008869
2021-03-05T00:00:00Z,32362.25,32503.9,30022.42,31950.75,415.076906
2021-03-06T00:00:00Z,31910.63,34192.24,31297.18,34047.86,538.128927
2021-03-07T00:00:00Z,33990.02,39313.86,33829.27,39133.02,1554.723784
2021-03-08T00:00:00Z,39141.42,42450,37870.37,39767.07,1966.683628
2021-03-09T00:00:00Z,39784.29,40319.04,38563.26,38936.52,790.138965
2021-03-10T00:00:00Z,38971.18,39084.09,36268.73,37839.52,885.339407
2021-03-11T00:00:00Z,37863.25,38430.87,36015.51,37899.9,557.800402
2021-03-12T00:00:00Z,37899.9,38178.33,35118.09,35967.32,534.111404
2021-03-13T00:00:00Z,35999.98,38836.17,34832.27,38166.6,712.204606
2021-03-14T00:00:00Z,38191.57,38700,35626.39,35827.51,637.348871
2021-03-15T00:00:00Z,35814.81,36607.36,33440.09,34557.17,741.196476
2021-03-16T00:00:00Z,34578.26,35349.43,33150.51,34961.5,465.815513
2021-03-17T00:00:00Z,35000,35476.03,33256.23,35081.48,457.465743
2021-03-18T00:00:00Z,35091.57,37538.02,34711,35677.35,860.164584
2021-03-19T00:00:00Z,35685.87,36962.38,34666.66,35976.65,482.255799
2021-03-20T00:00:00Z,35967.31,37370,34965.04,35073.9,516.440085
2021-03-21T00:00:00Z,35060.97,36064.57,34208.42,35345.55,464.238302
2021-03-22T00:00:00Z,35332.32,35921.61,32897.68,33247,424.720198
2021-03-23T00:00:00Z,33247,34307.75,32840.8,33729.02,388.969969
2021-03-24T00:00:00Z,33729.01,34715.25,29846.49,30918.5,567.039007
2021-03-25T00:00:00Z,30913.49,32545.83,29784.47,31840.43,694.761224
2021-03-26T00:00:00Z,31839.84,33363.7,31785.94,33194.68,421.837645
2021-03-27T00:00:00Z,33197.5,33390.13,31661.01,32711.68,341.837266
2021-03-28T00:00:00Z,32723.74,33800,31998.66,32608.04,436.890386
2021-03-29T01:00:00+01:00,32614.78,36314,32343.78,35386.41,690.719636
2021-03-30T01:00:00+01:00,35379.92,36783.67,35040,35476.25,509.446507
2021-03-31T01:00:00+01:00,35471.81,36780,33730,36142.51,661.703127
2021-04-01T01:00:00+01:00,36176.91,37200,35556.57,36583.84,625.268097
2021-04-02T01:00:00+01:00,36606.44,39999,35936.36,39286.22,1018.417741
2021-04-03T01:00:00+01:00,39294.91,39826.15,35779.89,35816.45,645.05513
2021-04-04T01:00:00+01:00,35838.05,38000,35200,37589.82,406.361607
2021-04-05T01:00:00+01:00,37575.89,38908.67,35972.18,38488.2,599.071044
2021-04-06T01:00:00+01:00,38456.74,42999,38456.7,41302.31,1434.864256
2021-04-07T01:00:00+01:00,41298.91,44422.2,38077.02,43966.06,1619.262374
2021-04-08T01:00:00+01:00,43922.45,49050,43691.03,47273.11,1884.511337
2021-04-09T01:00:00+01:00,47242.71,49010,45132.96,45782.07,910.125293
2021-04-10T01:00:00+01:00,45782.07,46145.88,43190,44570.99,681.226535
2021-04-11T01:00:00+01:00,44570.85,46900,44322.52,45024.95,679.994695
2021-04-12T01:00:00+01:00,45024.95,45265.25,41655.56,43023.81,849.68812
2021-04-13T01:00:00+01:00,43053.98,46442.63,41950.6,44796.8,907.015754
2021-04-14T01:00:00+01:00,44800.14,48040,42800,47290.53,1223.651144
2021-04-15T01:00:00+01:00,47289.99,53200,46957.33,50249.46,2203.039824
2021-04-16T01:00:00+01:00,50275.03,53500,45507.37,53019.06,1284.096868
2021-04-17T01:00:00+01:00,53098.96,54500,48426.18,48625,1241.161419
2021-04-18T01:00:00+01:00,48709.76,53900,41888,53464.77,1997.303583
2021-04-19T01:00:00+01:00,53427.48,57497.6,45731.17,46740.3,2428.355807
2021-04-20T01:00:00+01:00,46744.88,51148.96,43131,48880.61,1560.021404
2021-04-21T01:00:00+01:00,48880.61,50625.29,44981.33,45343.74,914.37937
2021-04-22T01:00:00+01:00,45346.91,51867,44043.57,45407.34,1570.470271
2021-04-23T01:00:00+01:00,45399.89,46299.17,39109.92,43314.66,1503.904125
2021-04-24T01:00:00+01:00,43318.22,43327,38833.39,39211.49,569.001884
2021-04-25T01:00:00+01:00,39263.94,42280.1,37644.79,39759.1,484.333523
2021-04-26T01:00:00+01:00,39795,45437.97,39509.35,45256.01,795.610156
2021-04-27T01:00:00+01:00,45255.99,49379.82,44152.18,48762.07,788.500364
2021-04-28T01:00:00+01:00,48706.37,50575.93,47227.48,48036.58,767.696458
2021-04-29T01:00:00+01:00,48066.01,48544.17,45885.97,46787.64,501.084657
2021-04-30T01:00:00+01:00,46783.18,49419.16,46113.65,48905.73,484.402334
2021-05-01T01:00:00+01:00,48919.03,50639.11,48322.04,49816.58,386.516258
2021-05-02T01:00:00+01:00,49830.06,49920.84,47409.3,48513.34,338.228477
2021-05-03T01:00:00+01:00,48516.39,54352.94,48479.53,53382.78,848.037763
2021-05-04T01:00:00+01:00,53366.77,55500.5,49502.12,50288.71,1085.960935
2021-05-05T01:00:00+01:00,50299,54850.57,49834.77,54521.66,849.723717
2021-05-06T01:00:00+01:00,54492.7,57878.25,52051.87,52407.92,1039.178143
2021-05-07T01:00:00+01:00,52376.93,54136.94,50251.42,53352.9,937.660416
2021-05-08T01:00:00+01:00,53319.39,55370.49,52015.82,54073.52,686.708411
2021-05-09T01:00:00+01:00,54115.45,55000,51723.01,53360.52,425.167892
2021-05-10T01:00:00+01:00,53360.6,62680.72,49600,62425.79,2097.114071
2021-05-11T01:00:00+01:00,62362.63,83013.75,56972.12,82885.12,6112.413139
2021-05-12T01:00:00+01:00,82875.44,95000,64600,65548.55,5034.972069
2021-05-13T01:00:00+01:00,65768.02,80115.75,60000,66018.27,2694.662207
2021-05-14T01:00:00+01:00,66133.19,81484.61,65522.24,77676.94,1764.16493
2021-05-15T01:00:00+01:00,77676.03,79307.18,65990,66907.28,1396.36519
2021-05-16T01:00:00+01:00,67036.48,70778.7,59720.13,65807.68,1386.111407
2021-05-17T01:00:00+01:00,65850.35,68926.47,58297.84,64316.81,1574.730892
2021-05-18T01:00:00+01:00,64250.72,77821.98,63632.44,72833.03,1993.843359
2021-05-19T01:00:00+01:00,72885.41,74565.2,34070.26,45704.98,4251.657724
2021-05-20T01:00:00+01:00,45921.97,57286.63,37690.04,51700.14,2763.939477
2021-05-21T01:00:00+01:00,51697.4,54609.64,35700,43601.12,2235.404204
2021-05-22T01:00:00+01:00,43601.12,44745.2,36954.92,38445.21,1448.15556
2021-05-23T01:00:00+01:00,38441.97,40185.62,23859.75,32549.68,3678.650939
2021-05-24T01:00:00+01:00,32583.91,51963.2,31848,48350,4082.339253
2021-05-25T01:00:00+01:00,48350,50988.07,42088,46899.38,2518.16536
2021-05-26T01:00:00+01:00,46899.14,51800.6,45631.23,50225.97,1883.420215
2021-05-27T01:00:00+01:00,50225.97,50274.09,44851.27,46882.55,1020.934917
2021-05-28T01:00:00+01:00,46840.63,47335.83,39000,40835.65,1162.111527
2021-05-29T01:00:00+01:00,40899.15,42942.7,37500,39164.57,755.82371
2021-05-30T01:00:00+01:00,39182.64,43932.4,37259.25,41883.7,706.192474
2021-05-31T01:00:00+01:00,41823.92,47280,40000,46962.62,1063.242687
2021-06-01T01:00:00+01:00,46938.89,47786.62,43858.58,45071.01,739.630438
2021-06-02T01:00:00+01:00,45071.01,46632.54,43736,45170.74,745.013178
2021-06-03T01:00:00+01:00,45167.52,47192.36,44476.97,45924,715.111566
2021-06-04T01:00:00+01:00,45920.19,45961.27,40692.41,42593.43,693.116098
2021-06-05T01:00:00+01:00,42640.4,44572.41,40692.01,42237.59,627.993328
2021-06-06T01:00:00+01:00,42180.01,44729.67,41707.46,43072.75,862.354984
2021-06-07T01:00:00+01:00,43072.76,44300,40001.02,40442.23,599.231477
2021-06-08T01:00:00+01:00,40382.81,41109.04,35854.47,39643.92,841.603242
2021-06-09T01:00:00+01:00,39680.15,41128.02,37685.52,40500,667.767631
2021-06-10T01:00:00+01:00,40500,40626.73,37052.5,37793.2,432.160504
2021-06-11T01:00:00+01:00,37793.33,38401.13,36029.01,36926.6,502.910113
2021-06-12T01:00:00+01:00,36927.53,37291.82,34601.53,36305.39,425.293106
2021-06-13T01:00:00+01:00,36349.09,39000.52,35175.11,38527.58,458.13922
2021-06-14T01:00:00+01:00,38533.56,40455.47,38002.56,39425.21,489.61626
2021-06-15T01:00:00+01:00,39425.21,40200,38431.54,38901.31,248.141357
2021-06-16T01:00:00+01:00,38902.92,38972.55,36101.61,36457.89,295.881171
2021-06-17T01:00:00+01:00,36406.32,37598.68,35351.63,36319.92,185.208547
2021-06-18T01:00:00+01:00,36297.93,36494.8,32513.1,34163.13,471.110168
2021-06-19T01:00:00+01:00,34163.13,34889.44,33200,33213.29,186.304469
2021-06-20T01:00:00+01:00,33213.29,37351.92,32834.4,36012.15,843.946803
2021-06-21T01:00:00+01:00,36039.24,36264.07,28872.44,29367.23,1029.245308
2021-06-22T01:00:00+01:00,29377.34,31433.73,25000,28737.14,1442.348167
2021-06-23T01:00:00+01:00,28704.87,32438.66,27620.54,30957.17,864.120321
2021-06-24T01:00:00+01:00,31019.57,32112.38,29382.41,31349.41,314.999296
2021-06-25T01:00:00+01:00,31407.83,31855.95,27874.85,28110.46,519.838007
2021-06-26T01:00:00+01:00,28106.52,28948.52,26749.89,28694.41,551.342926
2021-06-27T01:00:00+01:00,28713.93,30275.33,27891.73,30273.17,371.638421
2021-06-28T01:00:00+01:00,30273.17,32887.93,29784.28,31409.26,648.531353
2021-06-29T01:00:00+01:00,31408.88,34850,31266.64,33635.36,800.318186
2021-06-30T01:00:00+01:00,33624.5,34039.52,31173.48,33843.07,625.086078
2021-07-01T01:00:00+01:00,33845.17,34252.81,31585.62,31931.17,504.989337
2021-07-02T01:00:00+01:00,31947.24,32396.49,30582.26,32039.4,256.828024
2021-07-03T01:00:00+01:00,32051.79,34800,31518.01,32670.53,392.360646
2021-07-04T01:00:00+01:00,32670.53,34500,31602.76,33394,451.198739
2021-07-05T01:00:00+01:00,33394,33447.15,31000,32417.36,455.557444
2021-07-06T01:00:00+01:00,32421.59,37365,32405.8,35904.47,1254.095323
2021-07-07T01:00:00+01:00,35911.03,37783.66,35176.08,35399.46,640.645065
2021-07-08T01:00:00+01:00,35439.11,35501.25,32322,33070.65,835.705457
2021-07-09T01:00:00+01:00,33074.86,34026.7,31635.58,33473.06,347.646871
2021-07-10T01:00:00+01:00,33508.68,34084.22,32452.03,33154.7,237.1795
2021-07-11T01:00:00+01:00,33183.14,34319.56,32766.94,33826.33,194.238807
2021-07-12T01:00:00+01:00,33827.64,34388,32234,32843,224.96029
2021-07-13T01:00:00+01:00,32814.36,33868,31915.13,32267.26,364.956493
2021-07-14T01:00:00+01:00,32282.31,32432.35,30124.74,31505.81,466.318506
2021-07-15T01:00:00+01:00,31517.39,32315.49,29720,30101.45,360.788294
2021-07-16T01:00:00+01:00,30101.45,30556.35,27483.88,27602.38,691.881487
2021-07-17T01:00:00+01:00,27615.37,28200,27013.84,27648.76,311.221244
2021-07-18T01:00:00+01:00,27679.6,28917.04,27525.81,27959.51,312.70617
2021-07-19T01:00:00+01:00,27965.89,28311.99,26607.44,26855.4,297.198767
2021-07-20T01:00:00+01:00,26882.41,27300,24800,25787.3,399.886467
2021-07-21T01:00:00+01:00,25811.48,29772.21,25296.12,28289.5,543.461968
2021-07-22T01:00:00+01:00,28292.84,28866.86,27462.82,28492.57,342.978013
2021-07-23T01:00:00+01:00,28513.61,29441.88,27911.81,29424.63,305.238278
2021-07-24T01:00:00+01:00,29427.03,30268.69,28900,29485.39,389.450948
2021-07-25T01:00:00+01:00,29509.34,29976.62,28653.13,29945.19,239.271961
2021-07-26T01:00:00+01:00,29971.88,33187.97,29817.37,30064.28,780.881665
2021-07-27T01:00:00+01:00,30018.37,31000,28779.52,29650.55,512.844584
2021-07-28T01:00:00+01:00,29643.96,30899.99,29224.8,29859.22,561.827284
2021-07-29T01:00:00+01:00,29858.66,31137.51,29403.57,30858.5,354.18485
2021-07-30T01:00:00+01:00,30846.25,31435.89,29749,31302.06,433.238525
2021-07-31T01:00:00+01:00,31297.53,33736.53,30713.18,33056.01,773.9395
2021-08-01T01:00:00+01:00,33112.97,33990,31349.94,31682.42,641.671673
2021-08-02T01:00:00+01:00,31679.73,33500,31073.1,31953.23,411.499828
2021-08-03T01:00:00+01:00,31953.23,32622.36,30568.63,31861.87,456.689964
2021-08-04T01:00:00+01:00,31901.08,33324.25,31139.84,32998.27,362.073408
2021-08-05T01:00:00+01:00,33002.09,33690,31330,32915.13,729.611173
2021-08-06T01:00:00+01:00,32915.13,33710.99,32150,33244.89,519.565906
2021-08-07T01:00:00+01:00,33242.66,35070.63,32852,34637.56,744.541463
2021-08-08T01:00:00+01:00,34641.27,34836.69,32123.68,32720.78,556.662996
2021-08-09T01:00:00+01:00,32738.77,34303.49,31800,33955.84,426.674699
2021-08-10T01:00:00+01:00,33928.57,35615.38,33499.99,34870.35,535.383048
2021-08-11T01:00:00+01:00,34870.35,45000,34786.32,37988.13,901.105381
2021-08-12T01:00:00+01:00,37973.31,40003.12,35547.81,37029.92,1097.527373
2021-08-13T01:00:00+01:00,37004.52,40469.87,36611.11,40212.19,681.879805
2021-08-14T01:00:00+01:00,40211.53,40211.53,38211.73,39497.4,618.278319
2021-08-15T01:00:00+01:00,39527.11,40008.07,37688.53,39818.47,486.054728
2021-08-16T01:00:00+01:00,39850.5,41993.57,39000,39306.97,911.52135
2021-08-17T01:00:00+01:00,39263.15,41841.37,37398.17,37860.09,654.762962
2021-08-18T01:00:00+01:00,37851.42,38860.82,36814.28,37127.94,418.228836
2021-08-19T01:00:00+01:00,37127.94,39166.7,36108.37,39146.87,440.650199
2021-08-20T01:00:00+01:00,39157.58,40337.28,38833.18,39756.82,480.603498
2021-08-21T01:00:00+01:00,39756.82,39934.97,38541.98,38800,362.655172
2021-08-22T01:00:00+01:00,38760.88,41018.11,38359.32,39476.06,649.752627
2021-08-23T01:00:00+01:00,39500.7,40651.18,39452.12,40008.65,464.34465
2021-08-24T01:00:00+01:00,40000.05,40400,36900,37110,478.655401
2021-08-25T01:00:00+01:00,37085.33,38426.99,36011.68,38291.69,457.640715
2021-08-26T01:00:00+01:00,38315.27,38481.31,35526.3,36132.58,314.211904
2021-08-27T01:00:00+01:00,36145.14,38334.89,35167.1,37815.56,398.046177
2021-08-28T01:00:00+01:00,37816.32,38280,37053.42,38044.51,253.05296
2021-08-29T01:00:00+01:00,38073.32,38683.9,36945,37472.05,307.054989
2021-08-30T01:00:00+01:00,37473.65,37705.11,35940.8,36268.95,337.21623
2021-08-31T01:00:00+01:00,36245.94,38811.56,35629.03,38312.42,678.331838
2021-09-01T01:00:00+01:00,38349.65,40463.08,37784.6,39981.21,1040.881305
2021-09-02T01:00:00+01:00,39982.98,40290.35,38472.99,38663.39,471.65823
2021-09-03T01:00:00+01:00,38663.39,41054.6,37712.21,40417.48,910.127661
2021-09-04T01:00:00+01:00,40454.21,43557,39752.15,41460,1107.014461
2021-09-05T01:00:00+01:00,41486.99,43862.5,40452.36,42911.21,801.078713
2021-09-06T01:00:00+01:00,42911.55,43534.85,41233.39,42207.52,771.50423
2021-09-07T01:00:00+01:00,42225.45,42788.57,31050,34595.38,1573.793241
2021-09-08T01:00:00+01:00,34595.36,36060.44,32179.94,34683.84,765.04297
2021-09-09T01:00:00+01:00,34703.15,35699,33417.11,34343.71,548.11284
2021-09-10T01:00:00+01:00,34363.63,35500,32000,32808.92,436.16839
2021-09-11T01:00:00+01:00,32832.81,34013.38,32530.94,32952.55,264.90949
2021-09-12T01:00:00+01:00,32971.15,34333.46,32372.07,33292.06,279.98962
2021-09-13T01:00:00+01:00,33244.62,33613.9,31082.74,32745.01,470.14879
2021-09-14T01:00:00+01:00,32752.67,35738.39,32540.46,35700.01,504.72348
2021-09-15T01:00:00+01:00,35700.01,38000,35087.99,36491.28,785.6922
2021-09-16T01:00:00+01:00,36520.38,36780.37,34145,34786.94,526.64349
2021-09-17T01:00:00+01:00,34778.77,35093.12,32768.79,33238.14,417.55313
2021-09-18T01:00:00+01:00,33248.46,34424.4,32830.14,33923.02,278.2958
2021-09-19T01:00:00+01:00,33917.94,33984.91,32467.71,33029.39,286.74563
2021-09-20T01:00:00+01:00,33036.34,33063.94,28322.74,29483.12,695.308448
2021-09-21T01:00:00+01:00,29573.61,30401.16,26515.46,27359.71,543.328772
2021-09-22T01:00:00+01:00,27390.07,30603.72,26973.73,30502.63,363.45032
2021-09-23T01:00:00+01:00,30519.46,31417.29,29954.62,31257.14,255.18632
2021-09-24T01:00:00+01:00,31257.14,31365.75,27076.43,29252.9,491.18611
2021-09-25T01:00:00+01:00,29252.85,30510,28511.4,30276.74,351.9632
2021-09-26T01:00:00+01:00,30276.74,30999.99,27716.93,30402.41,514.19251
2021-09-27T01:00:00+01:00,30381.69,31741.31,28593.37,28620.97,417.05124
2021-09-28T01:00:00+01:00,28647.03,29974.07,28118.9,28243.89,408.82927
2021-09-29T01:00:00+01:00,28229.02,29586.22,27926.79,28595.02,203.98116
2021-09-30T01:00:00+01:00,28608.88,29584.93,28410.27,29196.42,274.64596
2021-10-01T01:00:00+01:00,29199.24,31698.83,28830.9,31674.21,552.29507
2021-10-02T01:00:00+01:00,31674.71,32780.26,30949.02,31900,324.88024
2021-10-03T01:00:00+01:00,31896.23,32261.98,31164.45,31348.18,292.16125
2021-10-04T01:00:00+01:00,31350.51,31373.54,29674.78,30795.25,332.15229
2021-10-05T01:00:00+01:00,30798.72,32362.05,30101,31860.04,626.95824
2021-10-06T01:00:00+01:00,31866.5,32800,29862.2,32048.17,579.64706
2021-10-07T01:00:00+01:00,32058.55,32763.19,30902.86,32142.06,475.84451
2021-10-08T01:00:00+01:00,32188.15,37458.75,32062.84,34580.98,1502.73673
2021-10-09T01:00:00+01:00,34629.17,35359.99,33792.63,33997.37,393.01314
2021-10-10T01:00:00+01:00,34001.66,34900.4,32427.39,32615.64,438.12818
2021-10-11T01:00:00+01:00,32577.48,35549.29,32110.11,35518.79,562.00728
2021-10-12T01:00:00+01:00,35526.79,35526.81,33228.03,34839.44,478.29715
2021-10-13T01:00:00+01:00,34827.14,35660.07,34102.95,34626.94,500.71095
2021-10-14T01:00:00+01:00,34626.94,36112.47,34438.08,35442.8,307.74196
2021-10-15T01:00:00+01:00,35413.06,36674.1,34634.81,35994.14,428.27626
2021-10-16T01:00:00+01:00,35993.88,36363.52,34990.06,35135,297.30664
2021-10-17T01:00:00+01:00,35139.19,35608.23,33088.06,34827.05,232.43272
2021-10-18T01:00:00+01:00,34798.54,35000,33314.57,33852.75,271.20271
2021-10-19T01:00:00+01:00,33850.94,34766.96,33605.56,34748.73,180.83232
2021-10-20T01:00:00+01:00,34766.96,36197.87,34186.54,36073.52,286.13155
2021-10-21T01:00:00+01:00,36063.03,36628.77,34200,34295.69,539.80629
2021-10-22T01:00:00+01:00,34314.57,34865.11,33513.39,34592.38,431.12809
2021-10-23T01:00:00+01:00,34613.13,35823.67,34408.26,35790.28,409.57745
2021-10-24T01:00:00+01:00,35790.28,35904.7,33951.69,34527.22,280.45966
2021-10-25T01:00:00+01:00,34519.62,35096.97,34350,34777.28,217.3704
2021-10-26T01:00:00+01:00,34807.32,38842.29,34718.91,37655.76,936.96284
2021-10-27T01:00:00+01:00,37654.14,39554.29,33757.76,33926.44,1035.65145
2021-10-28T01:00:00+01:00,33924.52,35090.26,33332.78,34125.87,550.98726
2021-10-29T01:00:00+01:00,34157.05,35562,34062.95,35053.75,430.46032
2021-10-30T01:00:00+01:00,35053.75,35066.86,33423.1,33765.02,431.84759
2021-10-31T01:00:00+01:00,33759.5,34318.26,33150,34123.58,302.52273
2021-11-01T00:00:00Z,34117.69,35000,33255,34757.66,375.40349
2021-11-02T00:00:00Z,34757.67,35371,34265.22,35016.14,312.22553
2021-11-03T00:00:00Z,35021.15,35491.34,33689,34696.97,349.67812
2021-11-04T00:00:00Z,34691.8,34691.8,32500,33962.19,382.18657
2021-11-05T00:00:00Z,33970.66,34410.62,33694.72,34006.21,229.08507
2021-11-06T00:00:00Z,34006.21,34027.12,32350,33860.61,297.38023
2021-11-07T00:00:00Z,33877.73,35537.85,33453.1,35515.73,359.35873
2021-11-08T00:00:00Z,35537.85,36414.41,35096.81,35641.29,443.85927
2021-11-09T00:00:00Z,35658.63,35695.44,34446.66,34549.54,343.85897
2021-11-10T00:00:00Z,34549.54,35840.8,32472.42,32950.51,665.99819
2021-11-11T00:00:00Z,32932.06,34999.93,32557.56,33708.76,442.93457
2021-11-12T00:00:00Z,33700,35601.68,31701.5,32240.91,740.14379
2021-11-13T00:00:00Z,32232.71,33070.7,32143.66,32703.73,265.78964
2021-11-14T00:00:00Z,32720.39,34506.33,32715.31,33574.56,454.27555
2021-11-15T00:00:00Z,33575.42,35394.13,33388.6,33449.08,828.79463
2021-11-16T00:00:00Z,33434.88,33434.89,29743.9,30671.55,661.0605
2021-11-17T00:00:00Z,30681.07,31279,29783.95,31205.78,281.813
2021-11-18T00:00:00Z,31144.64,35827.94,30431.37,32463.57,2160.49265
2021-11-19T00:00:00Z,32465.86,33020.4,31001.46,31782.42,409.9047
2021-11-20T00:00:00Z,31777.83,32293.78,30790.23,31992.41,268.30053
2021-11-21T00:00:00Z,31992.41,32688.19,31247.38,31590.93,285.74071
2021-11-22T00:00:00Z,31580.56,32600,30468.98,31183.24,477.25015
2021-11-23T00:00:00Z,31192.58,32215.12,30944.2,31632.23,286.58357
2021-11-24T00:00:00Z,31632.11,31802.71,30411.66,31097.03,248.5726
2021-11-25T00:00:00Z,31110.08,32750,30893.62,32035.97,294.67798
2021-11-26T00:00:00Z,32113.05,32228.22,28416.12,28778.9,586.37119
2021-11-27T00:00:00Z,28810.51,29709.27,28635.17,29203.2,187.74557
2021-11-28T00:00:00Z,29203.3,30085.13,27786,29994.09,257.0746
2021-11-29T00:00:00Z,29996.89,30385.15,29455.23,30165.58,160.03875
2021-11-30T00:00:00Z,30165.52,30500,29198,29626.15,299.74029
2021-12-01T00:00:00Z,29648.51,30167.27,28455.21,28930.22,379.35607
2021-12-02T00:00:00Z,28960.67,29421.42,28062.59,28830.85,380.24941
2021-12-03T00:00:00Z,28830.84,29430.43,26653.07,27476.03,332.36328
2021-12-04T00:00:00Z,27462.11,27596.33,17699.81,24663.04,1009.138455
2021-12-05T00:00:00Z,24683.55,25484.09,23033.15,23740.13,565.15172
2021-12-06T00:00:00Z,23759.45,23973.67,21761.72,23845.74,556.55448
2021-12-07T00:00:00Z,23840.58,24548.37,21858.92,22077.72,699.82745
2021-12-08T00:00:00Z,22077.72,23150,21393.3,23141.39,856.58918
2021-12-09T00:00:00Z,23148.06,23950,20750.07,20951.48,913.90948
2021-12-10T00:00:00Z,20955.72,21586.15,19941.7,20054.88,533.48205
2021-12-11T00:00:00Z,20077.03,23325.31,19759.1,21556.5,751.99322
2021-12-12T00:00:00Z,21559.44,22652.75,20868.91,21699.64,370.1974
2021-12-13T00:00:00Z,21712.44,21858.26,19004.45,19576.46,460.56789
2021-12-14T00:00:00Z,19567.42,20429.24,19252.21,20120.2,452.26733
2021-12-15T00:00:00Z,20139.08,21006.98,18852.34,20637.62,583.01454
2021-12-16T00:00:00Z,20637.62,25983.97,20637.62,24611.37,2096.72048
2021-12-17T00:00:00Z,24591.92,34000,24303.33,33609.99,6521.48937
2021-12-18T00:00:00Z,33596.22,34744.13,30262.66,31340.5,3464.93377
2021-12-19T00:00:00Z,31321.01,33226.39,30500.46,31979.29,1602.64839
2021-12-20T00:00:00Z,31997.09,39271.77,31460,36818.34,4978.92155
2021-12-21T00:00:00Z,36818.34,36920.07,34133.38,34665.89,1832.76167
2021-12-22T00:00:00Z,34672.31,35320.62,31531.06,31661.48,1537.70535
2021-12-23T00:00:00Z,31660.04,33299,30937.56,31551.01,1266.35065
2021-12-24T00:00:00Z,31573.89,33689.6,30334.82,32557.82,1370.64296
2021-12-25T00:00:00Z,32565.53,32922.11,30750,31173.63,687.60328
2021-12-26T00:00:00Z,31192.95,32100,30188.25,31124.02,599.83455
2021-12-27T00:00:00Z,31185.61,34750,30929.81,31718.28,1252.6197
2021-12-28T00:00:00Z,31742.92,31748.95,28559.3,28686.35,1268.77887
2021-12-29T00:00:00Z,28686.34,31318.33,27748.63,28567.38,1218.61511
2021-12-30T00:00:00Z,28567.38,30455,28000,30199.65,790.81438
2021-12-31T00:00:00Z,30198.88,33404.99,29594.89,33057.84,1679.08904
2022-01-01T00:00:00Z,33056.93,38495.78,32440.96,36554.04,2358.19781
2022-01-02T00:00:00Z,36577.96,39500,35609.27,39101.12,2156.3667
2022-01-03T00:00:00Z,39080.86,41749.34,37800.1,38707.67,2378.13653
2022-01-04T00:00:00Z,38735.94,39741.51,36035,36278.67,1294.76583
2022-01-05T00:00:00Z,36275.83,37399.37,30868.67,32549.01,1559.49763
2022-01-06T00:00:00Z,32568.07,36992.9,31144,35942.06,2302.72549
2022-01-07T00:00:00Z,35943.6,37095.12,31328.35,35815.88,3823.02664
2022-01-08T00:00:00Z,35822.42,36700,31955.27,33104.22,1168.9556
2022-01-09T00:00:00Z,33104.22,35329.2,32407.2,32692.12,1109.78939
2022-01-10T00:00:00Z,32696.54,32790.52,29372,32002.69,1236.33407
2022-01-11T00:00:00Z,31983.82,33354.8,31521.35,32765.27,844.41124
2022-01-12T00:00:00Z,32758.3,34735.56,32515.66,33830.63,841.63409
2022-01-13T00:00:00Z,33814.49,34252.79,31139,31456.58,613.06019
2022-01-14T00:00:00Z,31460.1,33085.55,31000,32246.87,626.11102
2022-01-15T00:00:00Z,32246.23,33904.96,31688.29,33477.72,462.34855
2022-01-16T00:00:00Z,33477.72,34200,33020.24,33595.75,456.26061
2022-01-17T00:00:00Z,33595.75,33695.91,31200,31579.45,461.77469
2022-01-18T00:00:00Z,31592.35,33523.46,30842.16,32581.39,806.18278
2022-01-19T00:00:00Z,32572.74,33515.69,31200,32148.67,941.22749
2022-01-20T00:00:00Z,32154.71,34392.64,31259.66,31436.9,1153.68339
2022-01-21T00:00:00Z,31394.83,31414.02,25100,25746.56,1103.44913
2022-01-22T00:00:00Z,25737.15,26705,20200.49,22884.3,1944.42421
2022-01-23T00:00:00Z,22896.65,25158.3,22682.47,25090.13,867.36955
2022-01-24T00:00:00Z,25105.43,25136.79,21375.17,23955.08,1040.71274
2022-01-25T00:00:00Z,23951.8,24950,23362.66,24455.43,694.06387
2022-01-26T00:00:00Z,24493.15,26230,23453.58,24175.23,810.96708
2022-01-27T00:00:00Z,24195.61,24840.53,23060.51,23905.79,436.22739
2022-01-28T00:00:00Z,23915.32,24175.08,22359.04,23470.61,412.55829
2022-01-29T00:00:00Z,23478.05,24692.93,23411.15,24285.07,428.48106
2022-01-30T00:00:00Z,24284.25,25573.51,23429.74,23852.62,452.74667
2022-01-31T00:00:00Z,23819.34,24850,22855.23,24834.07,283.901
2022-02-01T00:00:00Z,24833.04,25500,24563.84,25460,330.58193
2022-02-02T00:00:00Z,25457.91,25728.47,22899.92,23003.74,446.42979
2022-02-03T00:00:00Z,23018.37,23640,22500,23602.47,348.71413
2022-02-04T00:00:00Z,23603.93,24900,23418.04,24873.28,464.0032
2022-02-05T00:00:00Z,24873.31,25888,24639.14,25163.4,500.1141
2022-02-06T00:00:00Z,25179.3,25375.81,23681.6,24591.46,422.07018
2022-02-07T00:00:00Z,24601.76,27059.65,23912.76,26555.49,769.41695
2022-02-08T00:00:00Z,26572.91,27080.85,24777,25510,583.42666
2022-02-09T00:00:00Z,25534.24,26877.99,24778.66,26292.46,312.88318
2022-02-10T00:00:00Z,26298.37,26298.37,24254.28,24425.03,495.72939
2022-02-11T00:00:00Z,24427.75,25024.14,22728.47,23102.71,327.11783
2022-02-12T00:00:00Z,23097.93,23800.31,22647.58,23129.03,258.62643
2022-02-13T00:00:00Z,23159.27,23660.78,22656.3,22879.82,109.44675
2022-02-14T00:00:00Z,22879.43,23302.99,22390.69,23071.25,178.05329
2022-02-15T00:00:00Z,23066.71,24650,23020.25,24475.27,382.81957
2022-02-16T00:00:00Z,24472.71,24522.42,23131.29,23694.06,309.91602
2022-02-17T00:00:00Z,23696.81,23971.77,22049.18,22444.01,325.64306
2022-02-18T00:00:00Z,22456.08,23041.13,21700,21949.61,249.02745
2022-02-19T00:00:00Z,21946.33,22223.75,21357.89,21670.89,185.26253
2022-02-20T00:00:00Z,21667.74,21686.53,20085.91,20673.46,457.43641
2022-02-21T00:00:00Z,20682.42,21909.68,19578.09,19661.69,584.15791
2022-02-22T00:00:00Z,19657.09,21000,19170.24,20619.04,623.57932
2022-02-23T00:00:00Z,20629.05,21268.13,20200,20327.96,462.1396
2022-02-24T00:00:00Z,20337.09,20577.46,17120,19416.2,1192.01492
2022-02-25T00:00:00Z,19428.76,20373.62,18841.73,20168.25,499.91582
2022-02-26T00:00:00Z,20175.38,21401.76,20134.61,20878.09,488.71476
2022-02-27T00:00:00Z,20887.89,21046.34,19088.41,19405.28,451.0686
2022-02-28T00:00:00Z,19420.73,21579.22,19045.61,21558.39,477.15166
2022-03-01T00:00:00Z,21567.17,22337.11,20998.41,21747.26,529.60067
2022-03-02T00:00:00Z,21747.26,22464.51,21059.77,22349.29,469.45222
2022-03-03T00:00:00Z,22353.79,22658.14,20918.53,21693.94,666.75945
2022-03-04T00:00:00Z,21693.94,21978.76,19623.43,19886.64,465.46445
2022-03-05T00:00:00Z,19897.96,20552.87,19434.34,20260.87,261.82127
2022-03-06T00:00:00Z,20268.49,20328.8,17314.82,18253.5,2138.02241
2022-03-07T00:00:00Z,18248.86,19982.85,17777,18388.1,1047.00907
2022-03-08T00:00:00Z,18380.58,21217.17,18273.86,19346.71,1231.41074
2022-03-09T00:00:00Z,19361.93,20568.23,19252.28,20399.99,660.38738
2022-03-10T00:00:00Z,20398.72,20423.64,18646.38,19039.77,385.54873
2022-03-11T00:00:00Z,19050,19319.01,18237.9,18542.21,377.62701
2022-03-12T00:00:00Z,18537.22,18930.4,18312.65,18383.31,236.69959
2022-03-13T00:00:00Z,18396.69,18720.41,17832.89,18033.46,192.12889
2022-03-14T00:00:00Z,18030.13,18771.64,17900,18535.67,254.17342
2022-03-15T00:00:00Z,18529.37,18734.63,17821.2,18492.92,363.45163
2022-03-16T00:00:00Z,18503.63,19262.5,18267.39,19208.31,402.66227
2022-03-17T00:00:00Z,19203.05,19750,18876.14,19394.49,357.25327
2022-03-18T00:00:00Z,19409.76,20799,18988.97,20581.87,398.91107
2022-03-19T00:00:00Z,20570.84,21018.88,20248.3,20659.74,368.91764
2022-03-20T00:00:00Z,20666.26,20823.34,19566.32,19918.53,295.48047
2022-03-21T00:00:00Z,19922.36,20598.84,19670.29,20360.92,286.86038
2022-03-22T00:00:00Z,20359.19,21110.65,19933.76,20293.47,416.24783
2022-03-23T00:00:00Z,20317.23,20546.8,19929.34,20444.06,238.66759
2022-03-24T00:00:00Z,20444.06,21381.59,20188.58,21205.19,392.41567
2022-03-25T00:00:00Z,21205.41,21703.42,20391.08,20592.14,403.54648
2022-03-26T00:00:00Z,20586.54,21236.4,20411.4,21149.81,204.82402
2022-03-27T00:00:00Z,21158.27,22299.99,20673.58,22258.84,306.80273
2022-03-28T01:00:00+01:00,22258.83,24000,22000,22266.65,959.63193
2022-03-29T01:00:00+01:00,22264.74,23860,22000,23326.98,632.61711
2022-03-30T01:00:00+01:00,23317.3,24579.34,22574.43,24043.32,691.91032
2022-03-31T01:00:00+01:00,24037.32,24300,22102.27,22227.27,575.77774
2022-04-01T01:00:00+01:00,22219.54,23579.51,21534.03,23478.29,503.06065
2022-04-02T01:00:00+01:00,23494.68,24000,22808.46,23320.5,607.6801
2022-04-03T01:00:00+01:00,23336.36,25445.25,22780,25227.7,653.50513
2022-04-04T01:00:00+01:00,25216.52,25459.72,23017.54,23866.89,605.42139
2022-04-05T01:00:00+01:00,23866.88,24452.94,23330.77,23546.08,427.5068
2022-04-06T01:00:00+01:00,23551.27,24100,21555,21702.76,615.55984
2022-04-07T01:00:00+01:00,21700.98,22005.27,21002.36,21288.57,446.91381
2022-04-08T01:00:00+01:00,21282.12,21909.1,20454.44,20542.67,430.62687
2022-04-09T01:00:00+01:00,20542.67,20676.68,20205.21,20638.73,313.04665
2022-04-10T01:00:00+01:00,20654,20919.03,20000,20139.43,250.62858
2022-04-11T01:00:00+01:00,20146.61,20192.47,18212.1,18522.68,614.0717
2022-04-12T01:00:00+01:00,18527.32,19422.51,18310.68,18837.89,303.72079
2022-04-13T01:00:00+01:00,18826.59,19500.72,18574.88,19416.73,339.43068
2022-04-14T01:00:00+01:00,19409.14,19602.31,18659.47,18822.94,275.23478
2022-04-15T01:00:00+01:00,18832.95,19290,18737.2,19092.27,221.06102
2022-04-16T01:00:00+01:00,19100.49,19349.98,18748.01,19103.57,195.25553
2022-04-17T01:00:00+01:00,19106.23,19424.25,18575.46,18702.95,174.30489
2022-04-18T01:00:00+01:00,18704.78,19173.1,17982.66,19118.7,277.6255
2022-04-19T01:00:00+01:00,19138.01,19613.26,18877.96,19435.31,226.63739
2022-04-20T01:00:00+01:00,19434.13,19481.96,18847.63,19175.48,257.41664
2022-04-21T01:00:00+01:00,19172.17,20261.62,18626.21,18783.53,483.37355
2022-04-22T01:00:00+01:00,18785.34,19143.7,18441.59,18674.18,212.03064
2022-04-23T01:00:00+01:00,18670.56,18774.46,18264.94,18352.61,127.04446
2022-04-24T01:00:00+01:00,18361.22,18857.23,18212,18250.96,152.70954
2022-04-25T01:00:00+01:00,18246.65,18774.35,17463.86,18696.98,340.82911
2022-04-26T01:00:00+01:00,18707.73,19143.74,17274.16,17485.93,412.04057
2022-04-27T01:00:00+01:00,17481.22,17991.2,17283.61,17729.83,248.15405
2022-04-28T01:00:00+01:00,17739.46,18244.61,17614,17882.6,285.43347
2022-04-29T01:00:00+01:00,17882.75,18132.27,16374.42,16932.31,317.69684
2022-04-30T01:00:00+01:00,16925.78,17235.56,15788.97,16662.03,678.04276
2022-05-01T01:00:00+01:00,16662.36,17437.85,16339.07,17045.46,235.96138
2022-05-02T01:00:00+01:00,17054.4,17392.29,16645.38,17141.34,186.61771
2022-05-03T01:00:00+01:00,17164.25,17853.39,17057.03,17471.49,255.22954
2022-05-04T01:00:00+01:00,17471.49,18575,17312.33,18334.8,383.63425
2022-05-05T01:00:00+01:00,18330.08,18453.09,16517.23,16852.52,251.15374
2022-05-06T01:00:00+01:00,16860.07,17273.62,16386.25,16726.83,233.21461
2022-05-07T01:00:00+01:00,16726.83,16933.92,16124.75,16369.08,146.33975
2022-05-08T01:00:00+01:00,16365.7,16488.15,15447.8,15568.96,312.92112
2022-05-09T01:00:00+01:00,15580.58,15795.31,12329.28,12498.68,869.904681
2022-05-10T01:00:00+01:00,12473.69,14782.58,12232.54,13700.96,848.03455
2022-05-11T01:00:00+01:00,13711.03,14863.47,11184.09,11380.1,1362.634864
2022-05-12T01:00:00+01:00,11380.18,12093.42,9515.57,9937.46,1725.76552
2022-05-13T01:00:00+01:00,9934.73,11184.97,9714.51,9938.55,1424.40197
2022-05-14T01:00:00+01:00,9924.69,10391.96,9539.37,10219.56,831.01418
2022-05-15T01:00:00+01:00,10215.12,10697.12,9818.57,10612.85,453.06204
2022-05-16T01:00:00+01:00,10612.85,10612.85,9639.03,9754.01,509.28747
2022-05-17T01:00:00+01:00,9753.54,10525.97,9655.82,10000.65,618.90995
2022-05-18T01:00:00+01:00,9998.4,10254,9040.62,9083.99,799.94752
2022-05-19T01:00:00+01:00,9092.43,9765.06,8873.91,9512.37,596.16249
2022-05-20T01:00:00+01:00,9512.37,9905.17,9010.16,9142.61,620.91683
2022-05-21T01:00:00+01:00,9140.42,9464.75,8907.67,9277.18,880.86687
2022-05-22T01:00:00+01:00,9283.02,9690,9139.39,9487.47,505.55776
2022-05-23T01:00:00+01:00,9481.2,9807.11,8850,8938.61,896.77207
2022-05-24T01:00:00+01:00,8943.93,9324.31,8750.28,9087.62,622.39531
2022-05-25T01:00:00+01:00,9090.85,10357.53,7795.2,8462.69,2764.518517
2022-05-26T01:00:00+01:00,8469.77,8940.5,7695.43,7751.02,1108.24532
2022-05-27T01:00:00+01:00,7755.51,8036.2,7330.12,7388.26,955.07234
2022-05-28T01:00:00+01:00,7395.44,7754.58,7330.18,7639.65,572.78986
2022-05-29T01:00:00+01:00,7636.38,7670.4,7365.31,7447.22,463.24753
2022-05-30T01:00:00+01:00,7449.96,8480,7383.3,8388.1,762.87402
2022-05-31T01:00:00+01:00,8387.47,8537.61,7851.16,8064.31,778.93042
2022-06-01T01:00:00+01:00,8055.96,8203.62,7303.34,7516.15,596.88391
2022-06-02T01:00:00+01:00,7525.04,7618.49,7249.86,7586.06,347.95535
2022-06-03T01:00:00+01:00,7585.76,7598.74,7123.59,7427.77,388.78323
2022-06-04T01:00:00+01:00,7420.73,7590,7281.87,7566.05,255.3307
2022-06-05T01:00:00+01:00,7568.67,7649.62,7302.71,7436.11,251.00574
2022-06-06T01:00:00+01:00,7437.8,7822.48,7350,7467.87,325.12543
2022-06-07T01:00:00+01:00,7464.07,7827.22,7115.96,7601.52,656.4522
2022-06-08T01:00:00+01:00,7603.58,7795.62,7409.01,7439.63,364.10165
2022-06-09T01:00:00+01:00,7440,7748.43,7354.59,7481.01,227.74166
2022-06-10T01:00:00+01:00,7477.79,7620,6964.46,7061.79,360.6898
2022-06-11T01:00:00+01:00,7061.23,7149.38,6264.54,6369.81,467.20463
2022-06-12T01:00:00+01:00,6361.05,6471.69,5971.3,6012.88,510.22244
2022-06-13T01:00:00+01:00,6006.59,6076.1,4722.9,4948.13,1680.81925
2022-06-14T01:00:00+01:00,4945.12,5112.57,4497.03,4893.01,1329.54176
2022-06-15T01:00:00+01:00,4892.45,5416.63,4282.99,5356.22,2161.25838
2022-06-16T01:00:00+01:00,5356.1,5475.88,4559.6,4595.75,897.08012
2022-06-17T01:00:00+01:00,4605.03,4929.72,4555.69,4792.96,422.34771
2022-06-18T01:00:00+01:00,4797.09,4878.83,4018.83,4374.95,885.25356
2022-06-19T01:00:00+01:00,4374.95,4859.94,4131.38,4748.4,828.22262
2022-06-20T01:00:00+01:00,4748.71,5032.74,4531.56,4927.24,690.94094
2022-06-21T01:00:00+01:00,4925.17,5589.95,4843.81,5124.04,1065.8257
2022-06-22T01:00:00+01:00,5129.4,5343.05,4937.86,4980.15,711.82515
2022-06-23T01:00:00+01:00,4984.03,5480,4924.26,5422.81,873.67061
2022-06-24T01:00:00+01:00,5431.59,8087.99,5350.31,7099.63,8641.7462
2022-06-25T01:00:00+01:00,7109.73,7390.94,6557.08,7050.71,3489.14246
2022-06-26T01:00:00+01:00,7054.01,7143.19,6401.42,6452.32,1257.37132
2022-06-27T01:00:00+01:00,6441.11,6873.07,6096.42,6218.14,1224.36393
2022-06-28T01:00:00+01:00,6214.04,6286.09,5559.73,5650.84,1056.16216
2022-06-29T01:00:00+01:00,5652.11,5831.12,5420.38,5604.23,1182.06201
2022-06-30T01:00:00+01:00,5609.82,5702.83,5068.3,5419.1,1223.27531
2022-07-01T01:00:00+01:00,5409.1,5644.78,5192.02,5460.96,1071.03875
2022-07-02T01:00:00+01:00,5464.48,6073.64,5240,6024.03,1249.27329
2022-07-03T01:00:00+01:00,6024.76,6072.55,5524.83,5841.34,1004.1483
2022-07-04T01:00:00+01:00,5843.12,6500,5568.58,6370.89,1424.19687
2022-07-05T01:00:00+01:00,6368.31,6477.46,5950,6151.55,1145.35612
2022-07-06T01:00:00+01:00,6152.85,6480.51,6032.11,6315.44,764.30854
2022-07-07T01:00:00+01:00,6315.43,6683.29,6169.51,6591.81,811.22262
2022-07-08T01:00:00+01:00,6591.8,6897.64,6300,6302.51,820.85597
2022-07-09T01:00:00+01:00,6305.35,6541.92,6300.66,6502.7,358.16453
2022-07-10T01:00:00+01:00,6502.7,6504.2,5938.26,6042.91,635.29323
2022-07-11T01:00:00+01:00,6037.46,6049.16,5456.63,5506.28,664.83313
2022-07-12T01:00:00+01:00,5504.55,5773.83,5420.19,5446.86,643.66264
2022-07-13T01:00:00+01:00,5444.6,5952.26,5300.47,5917,726.15721
2022-07-14T01:00:00+01:00,5909.83,6196.42,5657,6007.5,648.2535
2022-07-15T01:00:00+01:00,6009.99,6335.69,5932.04,6149.32,570.39992
2022-07-16T01:00:00+01:00,6158.15,6400,5929.35,6265.13,532.51277
2022-07-17T01:00:00+01:00,6262.4,6400.1,6026.66,6065.3,688.44352
2022-07-18T01:00:00+01:00,6074.56,6666,6057.67,6609.6,740.28183
2022-07-19T01:00:00+01:00,6604.34,6881,6265.35,6771.73,840.43834
2022-07-20T01:00:00+01:00,6766.88,7017.79,6373.74,6492.97,738.55344
2022-07-21T01:00:00+01:00,6499.42,6860,6221.3,6722.41,594.07036
2022-07-22T01:00:00+01:00,6724.06,6886.49,6372.1,6569.83,564.33078
2022-07-23T01:00:00+01:00,6574.27,6840,6293.99,6490.14,539.56101
2022-07-24T01:00:00+01:00,6492.56,7461.67,6461.39,6982.23,1845.01117
2022-07-25T01:00:00+01:00,6980.49,7123.33,6254.83,6272.84,1054.85584
2022-07-26T01:00:00+01:00,6271.87,6877.73,6250,6857.7,1042.08036
2022-07-27T01:00:00+01:00,6860.92,7231.87,6632.63,7167.11,886.68685
2022-07-28T01:00:00+01:00,7165.96,9790.82,7027.47,9137.38,3855.86647
2022-07-29T01:00:00+01:00,9143.18,11565.05,8655.75,10866.26,3427.07767
2022-07-30T01:00:00+01:00,10871.34,14200,10581.26,11774.91,6297.15214
2022-07-31T01:00:00+01:00,11768.07,12478.56,10735,10861.2,2550.84599
2022-08-01T01:00:00+01:00,10861.66,12226.05,10780,11612.85,1605.88984
2022-08-02T01:00:00+01:00,11614.33,11855.52,10615.36,10760,1433.38132
2022-08-03T01:00:00+01:00,10751.24,11242.79,10385.2,10709.35,929.17139
2022-08-04T01:00:00+01:00,10724.71,11200,10423.42,10647.53,782.64206
2022-08-05T01:00:00+01:00,10651.52,12400,10594.71,12263.14,1491.93813
2022-08-06T01:00:00+01:00,12264.39,12272.23,11600.62,11726.91,833.64842
2022-08-07T01:00:00+01:00,11722.63,11740.12,11267.03,11436,544.84907
2022-08-08T01:00:00+01:00,11433.62,11985,11281.28,11450,618.69932
2022-08-09T01:00:00+01:00,11447.54,11563.21,10774.83,11201.53,651.74258
2022-08-10T01:00:00+01:00,11192.67,11866.99,10761,11509.68,854.34781
2022-08-11T01:00:00+01:00,11506.52,11799.99,11173,11296.01,652.86393
2022-08-12T01:00:00+01:00,11299.05,11612.33,11045.08,11500.85,592.95738
2022-08-13T01:00:00+01:00,11513.53,12227.23,11320.99,11420.97,1423.88372
2022-08-14T01:00:00+01:00,11427.34,11730.45,10961.4,11224.81,585.23417
2022-08-15T01:00:00+01:00,11212.96,11570.06,10841.15,11086.55,487.15925
2022-08-16T01:00:00+01:00,11089.05,11238.21,10823.15,11006.66,488.91485
2022-08-17T01:00:00+01:00,11003.87,11680,10890,11158,808.2646
2022-08-18T01:00:00+01:00,11158,11346,9899,10215,590.77112
2022-08-19T01:00:00+01:00,10215,10306,8580,8625,1199.00111
2022-08-20T01:00:00+01:00,8627,9118,8241,8542,617.45369
2022-08-21T01:00:00+01:00,8540,8899,8488,8752,392.68611
2022-08-22T01:00:00+01:00,8753,8960,8235,8931,546.71717
2022-08-23T01:00:00+01:00,8937,9364,8759,9216,490.13914
2022-08-24T01:00:00+01:00,9226,9578,8996,9343,510.42876
2022-08-25T01:00:00+01:00,9348,10258,9340,9797,756.56708
2022-08-26T01:00:00+01:00,9792,9978,8860,8986,616.75471
2022-08-27T01:00:00+01:00,8984,9135,8578,8773,452.2888
2022-08-28T01:00:00+01:00,8769,8989,8428,8466,231.56234
2022-08-29T01:00:00+01:00,8484,9130,8396,9079,374.19667
2022-08-30T01:00:00+01:00,9075,9310,8594,8879,545.80428
2022-08-31T01:00:00+01:00,8884,9290,8845,9022,479.45396
2022-09-01T01:00:00+01:00,9021,9354,8770,9215,528.14723
2022-09-02T01:00:00+01:00,9215,10518,9072,10075,1630.92782
2022-09-03T01:00:00+01:00,10075,10101,9374,9782,712.13436
2022-09-04T01:00:00+01:00,9784,9861,9275,9445,563.33315
2022-09-05T01:00:00+01:00,9447,9611,9278,9500,427.13645
2022-09-06T01:00:00+01:00,9500,9779,8535,8618,788.70903
2022-09-07T01:00:00+01:00,8620,9605,8472,9328,809.13256
2022-09-08T01:00:00+01:00,9334,9550,9000,9264,563.73632
2022-09-09T01:00:00+01:00,9265,11380,9241,10465,2332.81048
2022-09-10T01:00:00+01:00,10441,10565,10121,10438,655.38212
2022-09-11T01:00:00+01:00,10430,10648,9894,10196,394.88351
2022-09-12T01:00:00+01:00,10202,10399,9701,9754,417.01264
2022-09-13T01:00:00+01:00,9757,10193,9000,9024,668.69062
2022-09-14T01:00:00+01:00,9024,9364,8880,9192,542.59606
2022-09-15T01:00:00+01:00,9195,9222,8444,8521,549.82584
2022-09-16T01:00:00+01:00,8525,8857,8377,8664,479.09098
2022-09-17T01:00:00+01:00,8663,9399,8662,9343,582.22507
2022-09-18T01:00:00+01:00,9347,9370,7957,8345,659.1198
2022-09-19T01:00:00+01:00,8340,8607,8072,8481,582.65928
2022-09-20T01:00:00+01:00,8474,8639,8303,8454,357.43993
2022-09-21T01:00:00+01:00,8450,8862,7799,7983,602.98373
2022-09-22T01:00:00+01:00,7984,8540,7967,8444,506.63503
2022-09-23T01:00:00+01:00,8446,8653,8039,8420,423.5763
2022-09-24T01:00:00+01:00,8421,8497,8172,8221,201.94626
2022-09-25T01:00:00+01:00,8223,8377,8019,8086,206.16806
2022-09-26T01:00:00+01:00,8077,8395,7944,8336,319.5736
2022-09-27T01:00:00+01:00,8335,8858,8135,8291,853.99828
2022-09-28T01:00:00+01:00,8305,8364,7897,8212,452.52908
2022-09-29T01:00:00+01:00,8211,8294,7955,8137,356.21357
2022-09-30T01:00:00+01:00,8135,8390,8037,8122,430.81079
2022-10-01T01:00:00+01:00,8122,8201,8011,8076,151.63478
2022-10-02T01:00:00+01:00,8078,8143,7820,7876,175.64707
2022-10-03T01:00:00+01:00,7877,8165,7808,8115,166.21118
2022-10-04T01:00:00+01:00,8115,8366,8061,8343,252.59124
2022-10-05T01:00:00+01:00,8346,8407,8113,8306,196.57952
2022-10-06T01:00:00+01:00,8306,8458,8143,8228,205.21993
2022-10-07T01:00:00+01:00,8223,8241,8000,8082,172.78806
2022-10-08T01:00:00+01:00,8075,8138,7963,8042,102.97944
2022-10-09T01:00:00+01:00,8038,8130,7992,8087,59.13385
2022-10-10T01:00:00+01:00,8084,8184,7850,7856,132.82398
2022-10-11T01:00:00+01:00,7851,7943,7580,7827,213.58114
2022-10-12T01:00:00+01:00,7824,7940,7775,7879,106.2065
2022-10-13T01:00:00+01:00,7879,7900,7197,7718,426.22312
2022-10-14T01:00:00+01:00,7716,7985,7475,7561,352.88831
2022-10-15T01:00:00+01:00,7563,7628,7480,7542,129.55819
2022-10-16T01:00:00+01:00,7536,7838,7529,7737,174.60982
2022-10-17T01:00:00+01:00,7739,8004,7682,7908,245.68044
2022-10-18T01:00:00+01:00,7913,7969,7537,7731,189.48284
2022-10-19T01:00:00+01:00,7732,7755,7434,7489,174.14264
2022-10-20T01:00:00+01:00,7490,7738,7403,7510,155.6634
2022-10-21T01:00:00+01:00,7510,7658,7288,7625,180.64964
2022-10-22T01:00:00+01:00,7627,7662,7475,7600,135.8798
2022-10-23T01:00:00+01:00,7599,7920,7480,7793,195.82417
2022-10-24T01:00:00+01:00,7793,7824,7500,7628,167.32452
2022-10-25T01:00:00+01:00,7627,8487,7602,8022,578.18718
2022-10-26T01:00:00+01:00,8025,8388,8000,8147,362.65742
2022-10-27T01:00:00+01:00,8138,8600,7971,8006,428.34039
2022-10-28T01:00:00+01:00,8009,8337,7850,8210,321.20329
2022-10-29T01:00:00+01:00,8207,8545,8200,8380,457.8496
2022-10-30T01:00:00+01:00,8376,8662,8069,8185,285.60708
2022-10-31T00:00:00Z,8191,8357,8004,8124,205.59775
2022-11-01T00:00:00Z,8122,8329,7976,8021,167.45538
2022-11-02T00:00:00Z,8025,8212,7671,7861,322.60032
2022-11-03T00:00:00Z,7862,8548,7820,7930,1141.26385
2022-11-04T00:00:00Z,7922,8499,7895,8390,562.8456
2022-11-05T00:00:00Z,8390,8596,8148,8285,563.04771
2022-11-06T00:00:00Z,8280,8310,7913,7942,295.80015
2022-11-07T00:00:00Z,7942,8206,7825,7988,305.48616
2022-11-08T00:00:00Z,7983,8044,6102,6710,1425.58859
2022-11-09T00:00:00Z,6717,6717,5289,5479,1280.30655
2022-11-10T00:00:00Z,5483,6910,5389,6691,1144.57049
2022-11-11T00:00:00Z,6707,6707,6143,6449,504.02923
2022-11-12T00:00:00Z,6450,6461,5714,5757,693.78697
2022-11-13T00:00:00Z,5766,5950,5583,5704,973.94482
2022-11-14T00:00:00Z,5700,6297,5367,6027,726.96475
2022-11-15T00:00:00Z,6034,6758,5956,6437,1180.54932
2022-11-16T00:00:00Z,6437,6796,6180,6267,806.74143
2022-11-17T00:00:00Z,6267,6370,5957,6009,410.63469
2022-11-18T00:00:00Z,6001,6237,5908,6071,416.80422
2022-11-19T00:00:00Z,6073,6720,6015,6565,1091.56671
2022-11-20T00:00:00Z,6564,6797,6021,6131,1317.42852
2022-11-21T00:00:00Z,6131,6527,5725,6060,1107.91741
2022-11-22T00:00:00Z,6061,6318,5795,6165,857.76552
2022-11-23T00:00:00Z,6160,6389,6010,6234,608.43709
2022-11-24T00:00:00Z,6238,6333,6068,6111,282.52966
2022-11-25T00:00:00Z,6103,6610,5969,6306,1184.82837
2022-11-26T00:00:00Z,6309,6401,6222,6379,358.11293
2022-11-27T00:00:00Z,6375,6546,6230,6243,352.2959
2022-11-28T00:00:00Z,6238,6340,5968,6277,508.55914
2022-11-29T00:00:00Z,6273,6520,6205,6460,419.47989
2022-11-30T00:00:00Z,6457,7000,6457,6761,1067.05224
2022-12-01T00:00:00Z,6761,6773,6541,6696,319.55397
2022-12-02T00:00:00Z,6699,6864,6489,6803,521.13858
2022-12-03T00:00:00Z,6803,6900,6591,6631,537.10746
2022-12-04T00:00:00Z,6629,7487,6629,7318,1345.51301
2022-12-05T00:00:00Z,7320,7510,7022,7153,918.3365
2022-12-06T00:00:00Z,7149,7327,7057,7160,697.62927
2022-12-07T00:00:00Z,7165,7200,6730,6970,509.35599
2022-12-08T00:00:00Z,6980,7070,6864,7009,351.75123
2022-12-09T00:00:00Z,7008,7149,6871,6924,305.83069
2022-12-10T00:00:00Z,6924,6992,6842,6862,179.74542
2022-12-11T00:00:00Z,6870,7084,6858,6902,393.37648
2022-12-12T00:00:00Z,6893,6924,6515,6583,449.8185
2022-12-13T00:00:00Z,6584,6652,6235,6493,530.7245
2022-12-14T00:00:00Z,6489,6619,6335,6447,310.21441
2022-12-15T00:00:00Z,6445,6485,6153,6257,194.02518
2022-12-16T00:00:00Z,6251,6313,5381,5476,434.47503
2022-12-17T00:00:00Z,5470,5779,5461,5716,270.1269
2022-12-18T00:00:00Z,5716,5793,5479,5536,331.14225
2022-12-19T00:00:00Z,5537,5709,5381,5424,318.48933
2022-12-20T00:00:00Z,5435,5676,5399,5649,283.3883
2022-12-21T00:00:00Z,5648,5660,5481,5561,161.36518
2022-12-22T00:00:00Z,5563,5669,5466,5602,193.22611
2022-12-23T00:00:00Z,5608,5636,5482,5499,221.87955
2022-12-24T00:00:00Z,5499,5528,5435,5496,129.7163
2022-12-25T00:00:00Z,5493,5546,5406,5519,150.36651
2022-12-26T00:00:00Z,5524,5538,5462,5538,159.10092
2022-12-27T00:00:00Z,5537,5568,5470,5511,244.46197
2022-12-28T00:00:00Z,5508,5530,5152,5227,391.10265
2022-12-29T00:00:00Z,5236,5264,5075,5168,205.36265
2022-12-30T00:00:00Z,5174,5210,5015,5133,220.09011
2022-12-31T00:00:00Z,5137,5155,5047,5089,169.60949
2023-01-01T00:00:00Z,5089,5150,5034,5143,89.01953
2023-01-02T00:00:00Z,5148,5420,5064,5374,256.56982
2023-01-03T00:00:00Z,5375,5518,5283,5334,349.60098
2023-01-04T00:00:00Z,5332,5502,5305,5376,312.78143
2023-01-05T00:00:00Z,5370,5480,5320,5395,232.00891
2023-01-06T00:00:00Z,5393,5491,5294,5432,204.047
2023-01-07T00:00:00Z,5434,5571,5427,5478,199.27773
2023-01-08T00:00:00Z,5470,5774,5396,5720,273.68789
2023-01-09T00:00:00Z,5720,5984,5660,5734,657.54438
2023-01-10T00:00:00Z,5738,5890,5635,5873,347.77794
2023-01-11T00:00:00Z,5874,5940,5670,5932,372.2399
2023-01-12T00:00:00Z,5935,6355,5930,6233,766.3535
2023-01-13T00:00:00Z,6245,6663,6127,6538,417.36467
2023-01-14T00:00:00Z,6544,7658,6524,7149,1377.99067
2023-01-15T00:00:00Z,7148,7189,6710,7094,638.46121
2023-01-16T00:00:00Z,7086,7498,6858,7129,822.79928
2023-01-17T00:00:00Z,7135,7245,6984,7050,317.04252
2023-01-18T00:00:00Z,7050,7312,6495,6562,760.99585
2023-01-19T00:00:00Z,6551,6743,6469,6654,281.87281
2023-01-20T00:00:00Z,6659,7241,6616,7183,537.27362
2023-01-21T00:00:00Z,7184,7410,6999,7050,655.17745
2023-01-22T00:00:00Z,7042,7354,6958,7173,462.89205
2023-01-23T00:00:00Z,7164,8000,7164,7772,1556.71906
2023-01-24T00:00:00Z,7778,8050,7226,7362,732.82347
2023-01-25T00:00:00Z,7366,7742,7186,7605,866.09427
2023-01-26T00:00:00Z,7600,7695,7328,7541,491.47829
2023-01-27T00:00:00Z,7541,7745,7300,7652,342.88891
2023-01-28T00:00:00Z,7655,7733,7368,7431,289.87544
2023-01-29T00:00:00Z,7430,7798,7368,7798,415.65758
2023-01-30T00:00:00Z,7787,7834,6975,7191,577.89864
2023-01-31T00:00:00Z,7192,7360,7113,7222,254.54269
2023-02-01T00:00:00Z,7231,7570,7001,7474,478.63607
2023-02-02T00:00:00Z,7484,8249,7481,7670,757.56333
2023-02-03T00:00:00Z,7657,7945,7563,7885,424.55929
2023-02-04T00:00:00Z,7887,7973,7751,7791,243.54335
2023-02-05T00:00:00Z,7804,7955,7447,7615,345.04096
2023-02-06T00:00:00Z,7613,7740,7402,7477,313.15681
2023-02-07T00:00:00Z,7479,7900,7455,7860,359.94953
2023-02-08T00:00:00Z,7860,7936,7566,7736,342.56003
2023-02-09T00:00:00Z,7733,7833,6820,7022,784.10772
2023-02-10T00:00:00Z,7026,7138,6905,7022,253.55446
2023-02-11T00:00:00Z,7019,7235,6983,7194,154.77697
2023-02-12T00:00:00Z,7191,7200,6892,6984,192.32623
2023-02-13T00:00:00Z,6969,7040,6574,6788,311.12321
2023-02-14T00:00:00Z,6795,7116,6721,7060,319.23293
2023-02-15T00:00:00Z,7060,7450,6988,7424,436.61567
2023-02-16T00:00:00Z,7421,7690,7128,7152,594.26535
2023-02-17T00:00:00Z,7144,7558,7092,7414,293.64573
2023-02-18T00:00:00Z,7410,7513,7286,7501,345.82364
2023-02-19T00:00:00Z,7501,7709,7324,7414,506.69664
2023-02-20T00:00:00Z,7404,7626,7231,7590,355.56617
2023-02-21T00:00:00Z,7587,8471,7349,8384,1880.64415
2023-02-22T00:00:00Z,8390,8708,7893,8489,3281.52218
2023-02-23T00:00:00Z,8494,9836,8422,9477,3286.69446
2023-02-24T00:00:00Z,9477,10400,8555,8720,2649.42559
2023-02-25T00:00:00Z,8719,9579,8557,9424,1572.69669
2023-02-26T00:00:00Z,9419,10185,9311,9903,1567.97352
2023-02-27T00:00:00Z,9900,10013,9201,9384,2266.42478
2023-02-28T00:00:00Z,9384,9588,9012,9105,1276.72807
2023-03-01T00:00:00Z,9102,10708,9072,10352,2438.40117
2023-03-02T00:00:00Z,10343,10800,9961,10578,2792.60895
2023-03-03T00:00:00Z,10572,11210,9744,10509,3913.90937
2023-03-04T00:00:00Z,10511,10829,9800,10033,1584.20274
2023-03-05T00:00:00Z,10035,10514,9984,10190,1088.67919
2023-03-06T00:00:00Z,10193,10545,9827,10068,1169.27807
2023-03-07T00:00:00Z,10066,10193,9431,9579,1032.42089
2023-03-08T00:00:00Z,9578,9648,8094,8126,1449.70363
2023-03-09T00:00:00Z,8127,8407,7314,7477,2079.24321
2023-03-10T00:00:00Z,7474,8160,7150,7747,1938.78049
2023-03-11T00:00:00Z,7736,7961,6950,7502,1532.49225
2023-03-12T00:00:00Z,7497,8250,7037,8193,1575.90339
2023-03-13T00:00:00Z,8203,9567,8020,9121,2579.66646
2023-03-14T00:00:00Z,9128,9611,8687,8975,1693.87677
2023-03-15T00:00:00Z,8963,9154,8001,8145,1194.39764
2023-03-16T00:00:00Z,8142,8375,7952,8255,868.97606
2023-03-17T00:00:00Z,8255,9049,8133,9026,1041.87859
2023-03-18T00:00:00Z,9021,9186,8484,8565,891.84539
2023-03-19T00:00:00Z,8565,9075,8518,8732,544.14309
2023-03-20T00:00:00Z,8745,8959,8463,8533,865.91664
2023-03-21T00:00:00Z,8544,8878,8277,8852,686.00734
2023-03-22T00:00:00Z,8857,8997,8229,8411,947.59059
2023-03-23T00:00:00Z,8405,8843,8332,8686,570.11882
2023-03-24T00:00:00Z,8690,8703,8177,8357,370.17938
2023-03-25T00:00:00Z,8360,8424,8084,8222,365.42052
2023-03-26T00:00:00Z,8218,8498,8171,8399,364.50162
2023-03-27T01:00:00+01:00,8399,8463,7851,8070,451.44411
2023-03-28T01:00:00+01:00,8076,8572,8006,8453,488.91089
2023-03-29T01:00:00+01:00,8453,9001,8447,8797,800.04292
2023-03-30T01:00:00+01:00,8799,8929,8602,8728,602.05822
2023-03-31T01:00:00+01:00,8727,8900,8640,8796,369.46233
2023-04-01T01:00:00+01:00,8797,8837,8642,8784,229.43616
2023-04-02T01:00:00+01:00,8783,8865,8470,8548,352.46678
2023-04-03T01:00:00+01:00,8552,8598,8226,8376,449.93019
2023-04-04T01:00:00+01:00,8377,8674,8301,8600,401.85259
2023-04-05T01:00:00+01:00,8599,8874,8489,8623,444.59173
2023-04-06T01:00:00+01:00,8630,8637,8413,8497,290.49744
2023-04-07T01:00:00+01:00,8510,8635,8394,8617,201.99072
2023-04-08T01:00:00+01:00,8611,8705,8552,8665,224.98786
2023-04-09T01:00:00+01:00,8665,8758,8507,8639,223.86173
2023-04-10T01:00:00+01:00,8633,8722,8430,8705,404.53075
2023-04-11T01:00:00+01:00,8711,9452,8653,9204,1088.51337
2023-04-12T01:00:00+01:00,9199,9440,8876,9324,858.23192
2023-04-13T01:00:00+01:00,9333,9392,8848,9081,1116.36436
2023-04-14T01:00:00+01:00,9079,9999,9000,9250,990.00177
2023-04-15T01:00:00+01:00,9250,9261,9020,9097,561.01523
2023-04-16T01:00:00+01:00,9095,9254,8976,9217,328.531
2023-04-17T01:00:00+01:00,9218,9221,8890,8936,361.46412
2023-04-18T01:00:00+01:00,8938,9134,8875,9065,406.16066
2023-04-19T01:00:00+01:00,9067,9146,8270,8407,730.96675
2023-04-20T01:00:00+01:00,8405,8555,8120,8261,388.57412
2023-04-21T01:00:00+01:00,8254,8866,8050,8222,1307.15678
2023-04-22T01:00:00+01:00,8217,8321,8112,8285,270.13338
2023-04-23T01:00:00+01:00,8282,8424,8130,8252,208.19316
2023-04-24T01:00:00+01:00,8252,8350,7940,7999,251.52945
2023-04-25T01:00:00+01:00,7999,8143,7726,8113,269.71947
2023-04-26T01:00:00+01:00,8111,8736,7831,8240,594.54607
2023-04-27T01:00:00+01:00,8234,8448,8130,8276,570.73472
2023-04-28T01:00:00+01:00,8271,8281,8084,8211,102.40999
2023-04-29T01:00:00+01:00,8214,8354,8177,8285,114.86096
2023-04-30T01:00:00+01:00,8273,8320,8111,8164,134.72023
2023-05-01T01:00:00+01:00,8168,8202,7841,7974,213.72435
2023-05-02T01:00:00+01:00,7974,8038,7870,7969,173.33134
2023-05-03T01:00:00+01:00,7966,8100,7801,8087,169.77652
2023-05-04T01:00:00+01:00,8085,8118,7867,8042,130.31199
2023-05-05T01:00:00+01:00,8045,8193,7928,8139,149.83515
2023-05-06T01:00:00+01:00,8148,8217,7825,7879,270.44439
2023-05-07T01:00:00+01:00,7889,7974,7853,7877,144.63289
2023-05-08T01:00:00+01:00,7868,7913,7040,7230,466.45194
2023-05-09T01:00:00+01:00,7230,7419,7165,7317,361.03821
2023-05-10T01:00:00+01:00,7321,7417,6736,7047,577.19102
2023-05-11T01:00:00+01:00,7048,7049,6503,6664,506.24409
2023-05-12T01:00:00+01:00,6663,6946,6440,6942,379.09306
2023-05-13T01:00:00+01:00,6945,6945,6711,6768,246.60641
2023-05-14T01:00:00+01:00,6764,6890,6686,6831,142.48599
2023-05-15T01:00:00+01:00,6832,7031,6725,6890,334.20443
2023-05-16T01:00:00+01:00,6892,6915,6750,6808,223.05232
2023-05-17T01:00:00+01:00,6816,6889,6660,6815,265.2757
2023-05-18T01:00:00+01:00,6821,6867,6560,6690,258.41019
2023-05-19T01:00:00+01:00,6690,6720,6600,6666,212.07033
2023-05-20T01:00:00+01:00,6666,6700,6605,6694,144.10012
2023-05-21T01:00:00+01:00,6695,6713,6514,6583,172.64985
2023-05-22T01:00:00+01:00,6580,6691,6472,6664,153.81117
2023-05-23T01:00:00+01:00,6665,6802,6630,6748,133.08143
2023-05-24T01:00:00+01:00,6740,6742,6430,6452,253.35382
2023-05-25T01:00:00+01:00,6450,6466,6269,6297,270.24412
2023-05-26T01:00:00+01:00,6303,6488,6252,6414,176.83725
2023-05-27T01:00:00+01:00,6412,6545,6374,6529,140.8966
2023-05-28T01:00:00+01:00,6529,6749,6507,6680,211.96703
2023-05-29T01:00:00+01:00,6683,6777,6634,6681,175.04209
2023-05-30T01:00:00+01:00,6683,6731,6552,6626,158.98178
2023-05-31T01:00:00+01:00,6625,6666,6403,6496,181.22856
2023-06-01T01:00:00+01:00,6497,6532,6318,6447,138.29118
2023-06-02T01:00:00+01:00,6451,6553,6365,6528,135.52853
2023-06-03T01:00:00+01:00,6526,6566,6477,6530,104.18795
2023-06-04T01:00:00+01:00,6530,6589,6482,6489,129.66844
2023-06-05T01:00:00+01:00,6489,6512,5592,5956,478.33339
2023-06-06T01:00:00+01:00,5957,6275,5917,6172,318.2433
2023-06-07T01:00:00+01:00,6169,6169,5927,5984,194.60607
2023-06-08T01:00:00+01:00,5982,6115,5942,5992,127.26449
2023-06-09T01:00:00+01:00,5992,6026,5852,5923,211.98078
2023-06-10T01:00:00+01:00,5921,5926,4816,5468,1055.01093
2023-06-11T01:00:00+01:00,5460,5533,5361,5440,208.65411
2023-06-12T01:00:00+01:00,5443,5527,5265,5496,255.18551
2023-06-13T01:00:00+01:00,5496,5725,5475,5593,210.42785
2023-06-14T01:00:00+01:00,5602,5698,5264,5395,211.81166
2023-06-15T01:00:00+01:00,5394,5655,5362,5540,229.92493
2023-06-16T01:00:00+01:00,5534,5821,5426,5659,275.40805
2023-06-17T01:00:00+01:00,5660,5857,5626,5747,132.0915
2023-06-18T01:00:00+01:00,5745,5770,5564,5631,150.86279
2023-06-19T01:00:00+01:00,5633,5746,5587,5717,121.79099
2023-06-20T01:00:00+01:00,5716,5941,5603,5936,294.08167
2023-06-21T01:00:00+01:00,5933,6420,5887,6349,602.37054
2023-06-22T01:00:00+01:00,6347,6653,6271,6319,541.16
2023-06-23T01:00:00+01:00,6316,6531,6162,6438,545.03021
2023-06-24T01:00:00+01:00,6437,6648,6247,6293,424.57356
2023-06-25T01:00:00+01:00,6295,6781,6283,6580,482.29808
2023-06-26T01:00:00+01:00,6581,6581,6159,6311,337.32042
2023-06-27T01:00:00+01:00,6311,6508,6280,6426,280.45035
2023-06-28T01:00:00+01:00,6430,6435,5920,6102,251.74441
2023-06-29T01:00:00+01:00,6103,6384,6069,6315,200.96919
2023-06-30T01:00:00+01:00,6320,6699,6012,6640,641.66539
2023-07-01T01:00:00+01:00,6643,6706,6539,6650,269.48186
2023-07-02T01:00:00+01:00,6649,7300,6485,7240,834.08821
2023-07-03T01:00:00+01:00,7239,7435,6917,6957,876.31343
2023-07-04T01:00:00+01:00,6962,7037,6725,7008,521.90632
2023-07-05T01:00:00+01:00,7015,7191,6757,6905,477.84994
2023-07-06T01:00:00+01:00,6907,7289,6681,6696,433.27018
2023-07-07T01:00:00+01:00,6695,6959,6640,6934,224.45898
2023-07-08T01:00:00+01:00,6944,7250,6917,7071,495.2634
2023-07-09T01:00:00+01:00,7074,7321,6933,6961,329.99075
2023-07-10T01:00:00+01:00,6959,7137,6793,7042,250.89577
2023-07-11T01:00:00+01:00,7037,7078,6891,6941,148.5575
2023-07-12T01:00:00+01:00,6939,7071,6859,6927,160.87869
2023-07-13T01:00:00+01:00,6932,7372,6897,7353,377.29436
2023-07-14T01:00:00+01:00,7353,7488,6760,7015,505.97239
2023-07-15T01:00:00+01:00,7016,7139,6932,7119,220.52307
2023-07-16T01:00:00+01:00,7122,7122,6911,6960,182.45621
2023-07-17T01:00:00+01:00,6952,7161,6831,7008,286.5818
2023-07-18T01:00:00+01:00,7013,7068,6761,6886,163.2127
2023-07-19T01:00:00+01:00,6882,6990,6854,6888,96.6067
2023-07-20T01:00:00+01:00,6891,7051,6786,6877,205.34207
2023-07-21T01:00:00+01:00,6881,6910,6773,6856,139.24228
2023-07-22T01:00:00+01:00,6855,6949,6655,6717,155.05315
2023-07-23T01:00:00+01:00,6716,6816,6683,6739,96.16235
2023-07-24T01:00:00+01:00,6730,6786,6350,6510,158.29826
2023-07-25T01:00:00+01:00,6516,6563,6440,6535,82.68012
2023-07-26T01:00:00+01:00,6537,6928,6444,6791,323.53367
2023-07-27T01:00:00+01:00,6790,7004,6763,6944,282.1512
2023-07-28T01:00:00+01:00,6946,7101,6939,7027,231.79009
2023-07-29T01:00:00+01:00,7032,7098,6962,7017,80.65572
2023-07-30T01:00:00+01:00,7011,7058,6709,6738,232.60646
2023-07-31T01:00:00+01:00,6737,6907,6625,6716,304.91744
2023-08-01T01:00:00+01:00,6716,6799,6506,6784,299.95695
2023-08-02T01:00:00+01:00,6796,6868,6381,6427,529.12289
2023-08-03T01:00:00+01:00,6433,6492,6305,6338,265.6179
2023-08-04T01:00:00+01:00,6338,6462,6100,6206,653.29405
2023-08-05T01:00:00+01:00,6207,6277,6138,6276,139.09198
2023-08-06T01:00:00+01:00,6275,6491,6260,6419,256.41721
2023-08-07T01:00:00+01:00,6417,6528,6262,6416,232.65723
2023-08-08T01:00:00+01:00,6417,6527,6320,6447,221.6429
2023-08-09T01:00:00+01:00,6447,6481,6236,6343,367.83988
2023-08-10T01:00:00+01:00,6343,6386,6224,6360,335.7618
2023-08-11T01:00:00+01:00,6363,6389,6257,6298,97.94165
2023-08-12T01:00:00+01:00,6293,6349,6261,6325,203.33254
2023-08-13T01:00:00+01:00,6325,6333,6204,6243,242.83069
2023-08-14T01:00:00+01:00,6237,6360,6178,6271,224.30679
2023-08-15T01:00:00+01:00,6272,6280,5600,5934,530.69892
2023-08-16T01:00:00+01:00,5931,5998,5536,5748,359.73146
2023-08-17T01:00:00+01:00,5743,5818,4591,5352,534.40646
2023-08-18T01:00:00+01:00,5342,5510,5327,5475,378.7404
2023-08-19T01:00:00+01:00,5474,5761,5466,5653,288.64896
2023-08-20T01:00:00+01:00,5654,5716,5547,5694,151.07453
2023-08-21T01:00:00+01:00,5692,5731,5435,5572,228.11424
2023-08-22T01:00:00+01:00,5573,5632,5350,5553,154.60722
2023-08-23T01:00:00+01:00,5553,5719,5450,5680,197.11857
2023-08-24T01:00:00+01:00,5680,5742,5568,5664,120.10668
2023-08-25T01:00:00+01:00,5662,5784,5517,5769,338.72129
2023-08-26T01:00:00+01:00,5769,5778,5572,5576,117.91099
2023-08-27T01:00:00+01:00,5578,5910,5575,5825,216.4936
2023-08-28T01:00:00+01:00,5827,5838,5655,5710,153.34325
2023-08-29T01:00:00+01:00,5711,5845,5491,5736,423.28345
2023-08-30T01:00:00+01:00,5733,5804,5621,5656,141.98865
2023-08-31T01:00:00+01:00,5656,5691,5338,5528,195.5591
2023-09-01T01:00:00+01:00,5529,5554,5329,5478,159.88727
2023-09-02T01:00:00+01:00,5478,5530,5424,5462,98.87616
2023-09-03T01:00:00+01:00,5462,5485,5377,5412,72.11811
2023-09-04T01:00:00+01:00,5412,5492,5285,5367,218.45935
2023-09-05T01:00:00+01:00,5368,5555,5308,5427,196.05621
2023-09-06T01:00:00+01:00,5431,5485,5310,5405,83.68601
2023-09-07T01:00:00+01:00,5404,5482,5339,5457,90.44712
2023-09-08T01:00:00+01:00,5458,5503,5336,5400,105.52749
2023-09-09T01:00:00+01:00,5401,5421,5375,5396,43.31622
2023-09-10T01:00:00+01:00,5396,5396,5181,5265,119.11649
2023-09-11T01:00:00+01:00,5273,5294,5006,5115,223.04836
2023-09-12T01:00:00+01:00,5113,5340,5089,5184,521.14071
2023-09-13T01:00:00+01:00,5188,5361,5155,5308,155.32577
2023-09-14T01:00:00+01:00,5311,5405,5277,5366,155.25245
2023-09-15T01:00:00+01:00,5371,5535,5345,5517,199.25062
2023-09-16T01:00:00+01:00,5526,5613,5461,5528,120.50239
2023-09-17T01:00:00+01:00,5529,5541,5338,5375,154.61902
2023-09-18T01:00:00+01:00,5376,5570,5328,5446,376.3374
2023-09-19T01:00:00+01:00,5446,5504,5385,5454,179.64243
2023-09-20T01:00:00+01:00,5456,5498,5255,5346,228.54467
2023-09-21T01:00:00+01:00,5344,5388,5093,5102,298.1913
2023-09-22T01:00:00+01:00,5102,5215,5059,5148,494.9564
2023-09-23T01:00:00+01:00,5151,5193,5099,5170,115.11966
2023-09-24T01:00:00+01:00,5178,5192,5100,5113,108.55646
2023-09-25T01:00:00+01:00,5114,5261,5062,5234,225.53011
2023-09-26T01:00:00+01:00,5232,5271,5133,5200,97.30403
2023-09-27T01:00:00+01:00,5199,5334,5145,5167,167.78958
2023-09-28T01:00:00+01:00,5165,5290,5153,5231,162.29996
2023-09-29T01:00:00+01:00,5234,5283,5151,5193,148.09573
2023-09-30T01:00:00+01:00,5197,5253,5181,5243,184.45884
2023-10-01T01:00:00+01:00,5242,5656,5232,5554,315.65728
2023-10-02T01:00:00+01:00,5559,5587,5183,5236,336.79397
2023-10-03T01:00:00+01:00,5242,5320,5200,5222,173.07518
2023-10-04T01:00:00+01:00,5221,5300,5027,5275,285.55993
2023-10-05T01:00:00+01:00,5272,5356,5251,5318,173.3217
2023-10-06T01:00:00+01:00,5319,5349,5200,5328,111.05778
2023-10-07T01:00:00+01:00,5328,5463,5328,5435,148.82674
2023-10-08T01:00:00+01:00,5439,5490,5300,5306,309.0876
2023-10-09T01:00:00+01:00,5303,5400,5090,5208,225.74727
2023-10-10T01:00:00+01:00,5212,5256,5163,5168,144.2331
2023-10-11T01:00:00+01:00,5174,5174,5034,5117,218.15487
2023-10-12T01:00:00+01:00,5117,5149,5030,5066,147.97867
2023-10-13T01:00:00+01:00,5067,5192,5059,5119,105.45353
2023-10-14T01:00:00+01:00,5118,5144,5072,5108,104.53004
2023-10-15T01:00:00+01:00,5110,5143,5050,5070,134.28952
2023-10-16T01:00:00+01:00,5073,5320,5071,5156,217.34676
2023-10-17T01:00:00+01:00,5158,5172,5019,5098,141.74269
2023-10-18T01:00:00+01:00,5087,5156,4988,5005,245.52478
2023-10-19T01:00:00+01:00,5005,5020,4809,4906,535.53742
2023-10-20T01:00:00+01:00,4909,5060,4895,5022,395.22215
2023-10-21T01:00:00+01:00,5023,5368,5008,5253,501.58566
2023-10-22T01:00:00+01:00,5258,5425,5150,5407,299.71895
2023-10-23T01:00:00+01:00,5405,6120,5295,5892,1447.71659
2023-10-24T01:00:00+01:00,5888,6091,5635,5757,1055.37769
2023-10-25T01:00:00+01:00,5758,5920,5624,5813,447.24773
2023-10-26T01:00:00+01:00,5812,5979,5747,5794,359.35994
